订单ID,商品名称
ORD000000,沐浴露
ORD000000,牙刷
ORD000000,手机壳
ORD000000,洗发水
ORD000001,键盘
ORD000001,面包
ORD000001,电脑包
ORD000002,电脑包
ORD000003,笔记本电脑
ORD000004,黄油
ORD000004,T恤
ORD000004,洗发水
ORD000004,键盘
ORD000005,牛奶
ORD000005,牛仔裤
ORD000005,牙刷
ORD000005,笔记本电脑
ORD000005,T恤
ORD000006,护发素
ORD000006,运动鞋
ORD000006,鼠标
ORD000006,T恤
ORD000007,牙刷
ORD000007,鼠标
ORD000007,电脑包
ORD000007,散热器
ORD000008,键盘
ORD000008,沐浴露
ORD000009,黄油
ORD000009,耳机
ORD000010,护发素
ORD000010,袜子
ORD000011,散热器
ORD000011,充电器
ORD000012,电脑包
ORD000012,手机壳
ORD000012,帽子
ORD000013,手机壳
ORD000013,T恤
ORD000014,耳机
ORD000014,手机壳
ORD000014,充电器
ORD000014,洗发水
ORD000015,耳机
ORD000015,手机
ORD000015,牛仔裤
ORD000015,洗发水
ORD000015,袜子
ORD000016,鸡蛋
ORD000016,手机
ORD000017,沐浴露
ORD000018,手机壳
ORD000018,面包
ORD000019,钢化膜
ORD000019,鸡蛋
ORD000019,黄油
ORD000020,电脑包
ORD000020,运动鞋
ORD000020,鸡蛋
ORD000020,袜子
ORD000020,笔记本电脑
ORD000021,鸡蛋
ORD000022,黄油
ORD000022,键盘
ORD000022,奶酪
ORD000023,充电器
ORD000024,鸡蛋
ORD000024,T恤
ORD000024,沐浴露
ORD000025,T恤
ORD000025,袜子
ORD000025,面包
ORD000025,键盘
ORD000026,帽子
ORD000027,耳机
ORD000028,面包
ORD000028,牛仔裤
ORD000028,笔记本电脑
ORD000028,洗发水
ORD000029,袜子
ORD000029,面包
ORD000029,洗发水
ORD000030,牙膏
ORD000030,电脑包
ORD000030,牛奶
ORD000031,笔记本电脑
ORD000031,鸡蛋
ORD000031,洗发水
ORD000031,黄油
ORD000031,牛奶
ORD000032,鼠标
ORD000033,钢化膜
ORD000033,手机
ORD000033,键盘
ORD000033,鸡蛋
ORD000034,电脑包
ORD000034,散热器
ORD000034,帽子
ORD000034,面包
ORD000034,T恤
ORD000035,运动鞋
ORD000036,牛奶
ORD000037,牙膏
ORD000037,T恤
ORD000037,袜子
ORD000037,鸡蛋
ORD000037,帽子
ORD000038,耳机
ORD000038,键盘
ORD000038,牛奶
ORD000038,鼠标
ORD000038,运动鞋
ORD000039,鼠标
ORD000040,散热器
ORD000041,牙膏
ORD000041,运动鞋
ORD000042,T恤
ORD000042,键盘
ORD000042,牙膏
ORD000042,奶酪
ORD000042,牛仔裤
ORD000043,电脑包
ORD000043,充电器
ORD000043,黄油
ORD000043,沐浴露
ORD000043,奶酪
ORD000044,散热器
ORD000044,洗发水
ORD000045,耳机
ORD000045,黄油
ORD000046,手机
ORD000047,手机
ORD000047,充电器
ORD000047,T恤
ORD000047,电脑包
ORD000048,洗发水
ORD000048,护发素
ORD000049,鼠标
ORD000050,袜子
ORD000050,笔记本电脑
ORD000050,牙膏
ORD000050,奶酪
ORD000050,沐浴露
ORD000051,沐浴露
ORD000051,护发素
ORD000051,笔记本电脑
ORD000052,护发素
ORD000052,耳机
ORD000053,电脑包
ORD000053,护发素
ORD000053,袜子
ORD000053,牛仔裤
ORD000053,牙刷
ORD000054,牙刷
ORD000054,耳机
ORD000054,护发素
ORD000055,电脑包
ORD000055,牛仔裤
ORD000056,黄油
ORD000056,帽子
ORD000056,键盘
ORD000056,鼠标
ORD000057,牙膏
ORD000057,手机
ORD000057,黄油
ORD000057,奶酪
ORD000058,牛奶
ORD000058,黄油
ORD000058,牙膏
ORD000058,面包
ORD000059,手机壳
ORD000059,手机
ORD000059,护发素
ORD000060,黄油
ORD000061,袜子
ORD000061,T恤
ORD000062,钢化膜
ORD000062,散热器
ORD000063,奶酪
ORD000063,手机壳
ORD000064,笔记本电脑
ORD000065,帽子
ORD000066,T恤
ORD000066,袜子
ORD000067,手机
ORD000067,充电器
ORD000068,T恤
ORD000069,奶酪
ORD000069,笔记本电脑
ORD000069,电脑包
ORD000069,耳机
ORD000070,笔记本电脑
ORD000071,手机壳
ORD000071,键盘
ORD000071,钢化膜
ORD000072,散热器
ORD000072,充电器
ORD000072,奶酪
ORD000072,钢化膜
ORD000073,散热器
ORD000074,牛奶
ORD000074,牙膏
ORD000074,鸡蛋
ORD000074,充电器
ORD000075,袜子
ORD000075,牛奶
ORD000075,鸡蛋
ORD000076,手机
ORD000077,电脑包
ORD000077,牛奶
ORD000077,手机
ORD000077,帽子
ORD000077,黄油
ORD000078,散热器
ORD000079,洗发水
ORD000079,黄油
ORD000079,帽子
ORD000080,牛奶
ORD000080,鼠标
ORD000080,面包
ORD000080,牙膏
ORD000081,笔记本电脑
ORD000081,耳机
ORD000082,键盘
ORD000082,面包
ORD000083,充电器
ORD000083,T恤
ORD000083,电脑包
ORD000084,黄油
ORD000084,充电器
ORD000084,牙膏
ORD000084,牙刷
ORD000085,护发素
ORD000085,电脑包
ORD000085,运动鞋
ORD000085,牙膏
ORD000086,护发素
ORD000086,T恤
ORD000086,钢化膜
ORD000086,鸡蛋
ORD000087,运动鞋
ORD000087,手机壳
ORD000087,散热器
ORD000087,手机
ORD000087,充电器
ORD000088,帽子
ORD000088,运动鞋
ORD000088,键盘
ORD000089,手机
ORD000089,笔记本电脑
ORD000089,牙刷
ORD000089,耳机
ORD000089,牛奶
ORD000090,T恤
ORD000090,黄油
ORD000091,散热器
ORD000091,T恤
ORD000091,手机
ORD000091,手机壳
ORD000092,T恤
ORD000092,电脑包
ORD000092,奶酪
ORD000092,袜子
ORD000093,钢化膜
ORD000093,T恤
ORD000093,鼠标
ORD000094,护发素
ORD000095,T恤
ORD000095,笔记本电脑
ORD000095,充电器
ORD000095,袜子
ORD000096,电脑包
ORD000096,牛奶
ORD000096,护发素
ORD000096,T恤
ORD000096,帽子
ORD000097,奶酪
ORD000098,T恤
ORD000098,钢化膜
ORD000098,鼠标
ORD000099,面包
ORD000099,护发素
ORD000100,钢化膜
ORD000100,鸡蛋
ORD000100,笔记本电脑
ORD000100,牙膏
ORD000100,帽子
ORD000101,耳机
ORD000101,袜子
ORD000101,帽子
ORD000101,电脑包
ORD000101,奶酪
ORD000102,沐浴露
ORD000102,散热器
ORD000102,鼠标
ORD000102,洗发水
ORD000102,笔记本电脑
ORD000103,耳机
ORD000103,牛仔裤
ORD000104,键盘
ORD000105,沐浴露
ORD000106,钢化膜
ORD000107,袜子
ORD000107,T恤
ORD000107,牛奶
ORD000107,面包
ORD000108,黄油
ORD000108,袜子
ORD000108,洗发水
ORD000109,运动鞋
ORD000110,护发素
ORD000110,袜子
ORD000111,T恤
ORD000111,手机壳
ORD000112,鸡蛋
ORD000112,耳机
ORD000112,运动鞋
ORD000112,充电器
ORD000113,充电器
ORD000113,耳机
ORD000113,电脑包
ORD000113,护发素
ORD000114,键盘
ORD000114,散热器
ORD000114,袜子
ORD000114,牙刷
ORD000115,鼠标
ORD000115,钢化膜
ORD000116,黄油
ORD000116,耳机
ORD000116,帽子
ORD000116,手机
ORD000117,充电器
ORD000117,奶酪
ORD000117,面包
ORD000118,牛仔裤
ORD000119,洗发水
ORD000119,护发素
ORD000120,牛奶
ORD000120,手机
ORD000120,鸡蛋
ORD000121,袜子
ORD000121,鼠标
ORD000122,钢化膜
ORD000122,牛奶
ORD000122,面包
ORD000122,牙刷
ORD000122,耳机
ORD000123,手机壳
ORD000123,牛仔裤
ORD000124,护发素
ORD000124,钢化膜
ORD000124,奶酪
ORD000124,面包
ORD000125,牛奶
ORD000125,袜子
ORD000126,手机壳
ORD000126,袜子
ORD000127,键盘
ORD000128,钢化膜
ORD000128,牙膏
ORD000128,帽子
ORD000128,牛仔裤
ORD000128,袜子
ORD000129,运动鞋
ORD000129,钢化膜
ORD000130,鼠标
ORD000130,运动鞋
ORD000131,钢化膜
ORD000131,手机
ORD000131,洗发水
ORD000132,牛仔裤
ORD000132,手机
ORD000132,鸡蛋
ORD000132,护发素
ORD000133,鼠标
ORD000133,运动鞋
ORD000133,手机壳
ORD000133,护发素
ORD000133,面包
ORD000134,充电器
ORD000135,钢化膜
ORD000135,奶酪
ORD000136,面包
ORD000136,黄油
ORD000136,充电器
ORD000136,牛奶
ORD000136,手机壳
ORD000137,笔记本电脑
ORD000137,面包
ORD000137,T恤
ORD000138,钢化膜
ORD000138,奶酪
ORD000139,充电器
ORD000139,键盘
ORD000139,奶酪
ORD000139,黄油
ORD000139,手机
ORD000140,钢化膜
ORD000140,T恤
ORD000140,笔记本电脑
ORD000141,鼠标
ORD000141,奶酪
ORD000141,T恤
ORD000141,牙刷
ORD000141,牛奶
ORD000142,手机壳
ORD000142,护发素
ORD000143,电脑包
ORD000143,牛仔裤
ORD000143,牙刷
ORD000143,袜子
ORD000143,钢化膜
ORD000144,笔记本电脑
ORD000144,充电器
ORD000144,运动鞋
ORD000144,牛仔裤
ORD000144,帽子
ORD000145,运动鞋
ORD000145,手机壳
ORD000146,手机
ORD000146,钢化膜
ORD000146,牙膏
ORD000146,鸡蛋
ORD000147,手机
ORD000147,面包
ORD000148,袜子
ORD000148,牙膏
ORD000148,鸡蛋
ORD000148,洗发水
ORD000148,手机
ORD000149,鸡蛋
ORD000149,奶酪
ORD000149,帽子
ORD000150,手机
ORD000151,钢化膜
ORD000151,护发素
ORD000151,键盘
ORD000152,面包
ORD000153,散热器
ORD000154,手机
ORD000154,牛仔裤
ORD000155,笔记本电脑
ORD000155,牛奶
ORD000155,牙刷
ORD000155,T恤
ORD000156,牙刷
ORD000156,手机壳
ORD000157,帽子
ORD000157,面包
ORD000158,沐浴露
ORD000159,牙刷
ORD000159,面包
ORD000160,牛仔裤
ORD000160,奶酪
ORD000161,黄油
ORD000161,充电器
ORD000162,电脑包
ORD000162,手机壳
ORD000162,钢化膜
ORD000163,鼠标
ORD000163,牛奶
ORD000163,键盘
ORD000164,鸡蛋
ORD000164,鼠标
ORD000164,沐浴露
ORD000164,手机
ORD000165,运动鞋
ORD000165,面包
ORD000165,笔记本电脑
ORD000165,钢化膜
ORD000166,面包
ORD000167,牛仔裤
ORD000167,奶酪
ORD000167,袜子
ORD000167,电脑包
ORD000168,鼠标
ORD000168,T恤
ORD000168,牛仔裤
ORD000168,沐浴露
ORD000169,护发素
ORD000169,运动鞋
ORD000170,手机壳
ORD000170,黄油
ORD000170,帽子
ORD000170,充电器
ORD000170,电脑包
ORD000171,散热器
ORD000171,牛仔裤
ORD000171,电脑包
ORD000172,钢化膜
ORD000172,耳机
ORD000172,奶酪
ORD000172,沐浴露
ORD000172,鸡蛋
ORD000173,笔记本电脑
ORD000173,护发素
ORD000173,袜子
ORD000173,面包
ORD000174,洗发水
ORD000175,洗发水
ORD000175,运动鞋
ORD000175,手机壳
ORD000175,护发素
ORD000175,钢化膜
ORD000176,键盘
ORD000176,牛奶
ORD000176,鼠标
ORD000177,洗发水
ORD000177,护发素
ORD000177,T恤
ORD000177,耳机
ORD000177,牛奶
ORD000178,面包
ORD000179,鸡蛋
ORD000179,耳机
ORD000180,沐浴露
ORD000180,袜子
ORD000180,牙刷
ORD000180,运动鞋
ORD000181,奶酪
ORD000181,面包
ORD000181,牙膏
ORD000182,洗发水
ORD000183,运动鞋
ORD000183,键盘
ORD000183,鸡蛋
ORD000183,黄油
ORD000183,钢化膜
ORD000184,牙刷
ORD000184,沐浴露
ORD000185,钢化膜
ORD000186,电脑包
ORD000186,钢化膜
ORD000186,洗发水
ORD000187,散热器
ORD000187,耳机
ORD000188,手机
ORD000188,鸡蛋
ORD000188,洗发水
ORD000189,钢化膜
ORD000190,电脑包
ORD000190,笔记本电脑
ORD000190,充电器
ORD000191,键盘
ORD000192,牙刷
ORD000192,充电器
ORD000193,钢化膜
ORD000193,护发素
ORD000193,T恤
ORD000194,电脑包
ORD000195,牙膏
ORD000195,笔记本电脑
ORD000195,黄油
ORD000195,帽子
ORD000195,牛仔裤
ORD000196,散热器
ORD000197,耳机
ORD000197,黄油
ORD000197,手机
ORD000198,牙膏
ORD000199,钢化膜
ORD000199,手机壳
ORD000200,面包
ORD000200,T恤
ORD000200,耳机
ORD000201,手机
ORD000201,笔记本电脑
ORD000201,手机壳
ORD000201,面包
ORD000202,运动鞋
ORD000203,护发素
ORD000204,面包
ORD000205,耳机
ORD000205,沐浴露
ORD000205,键盘
ORD000205,黄油
ORD000205,帽子
ORD000206,牛仔裤
ORD000206,沐浴露
ORD000207,牛奶
ORD000207,手机壳
ORD000207,钢化膜
ORD000207,牛仔裤
ORD000208,洗发水
ORD000208,袜子
ORD000208,散热器
ORD000208,面包
ORD000209,黄油
ORD000209,钢化膜
ORD000210,鼠标
ORD000210,T恤
ORD000210,沐浴露
ORD000211,袜子
ORD000211,充电器
ORD000211,牙刷
ORD000211,电脑包
ORD000211,手机壳
ORD000212,护发素
ORD000212,键盘
ORD000212,沐浴露
ORD000213,黄油
ORD000213,T恤
ORD000214,牛仔裤
ORD000214,护发素
ORD000215,黄油
ORD000216,手机
ORD000217,袜子
ORD000218,牙刷
ORD000218,笔记本电脑
ORD000218,散热器
ORD000218,键盘
ORD000218,手机
ORD000219,面包
ORD000219,运动鞋
ORD000220,键盘
ORD000220,黄油
ORD000220,帽子
ORD000220,鸡蛋
ORD000221,散热器
ORD000221,袜子
ORD000221,奶酪
ORD000221,钢化膜
ORD000221,笔记本电脑
ORD000222,洗发水
ORD000223,散热器
ORD000223,手机壳
ORD000223,运动鞋
ORD000223,鼠标
ORD000223,袜子
ORD000224,笔记本电脑
ORD000225,牛仔裤
ORD000226,充电器
ORD000226,运动鞋
ORD000226,黄油
ORD000227,沐浴露
ORD000227,散热器
ORD000228,散热器
ORD000228,键盘
ORD000229,牙膏
ORD000229,沐浴露
ORD000229,袜子
ORD000229,电脑包
ORD000230,沐浴露
ORD000230,洗发水
ORD000231,鸡蛋
ORD000231,奶酪
ORD000231,帽子
ORD000231,牛仔裤
ORD000232,耳机
ORD000232,电脑包
ORD000232,护发素
ORD000232,散热器
ORD000232,鼠标
ORD000233,鸡蛋
ORD000234,运动鞋
ORD000235,洗发水
ORD000235,运动鞋
ORD000235,鸡蛋
ORD000235,护发素
ORD000236,牛奶
ORD000236,牛仔裤
ORD000237,散热器
ORD000237,护发素
ORD000237,手机
ORD000237,黄油
ORD000238,键盘
ORD000238,散热器
ORD000238,电脑包
ORD000239,袜子
ORD000239,钢化膜
ORD000239,运动鞋
ORD000239,洗发水
ORD000239,奶酪
ORD000240,鼠标
ORD000240,鸡蛋
ORD000240,充电器
ORD000240,散热器
ORD000240,沐浴露
ORD000241,沐浴露
ORD000242,面包
ORD000242,奶酪
ORD000242,散热器
ORD000242,护发素
ORD000243,散热器
ORD000243,面包
ORD000243,运动鞋
ORD000243,牙刷
ORD000243,护发素
ORD000244,奶酪
ORD000245,牛仔裤
ORD000245,手机壳
ORD000245,护发素
ORD000245,手机
ORD000245,鼠标
ORD000246,面包
ORD000246,T恤
ORD000246,键盘
ORD000246,运动鞋
ORD000246,手机壳
ORD000247,袜子
ORD000247,鼠标
ORD000247,护发素
ORD000247,奶酪
ORD000248,护发素
ORD000248,牙膏
ORD000249,黄油
ORD000249,笔记本电脑
ORD000249,护发素
ORD000249,鼠标
ORD000249,充电器
ORD000250,沐浴露
ORD000250,T恤
ORD000251,钢化膜
ORD000251,牛仔裤
ORD000252,牛仔裤
ORD000252,钢化膜
ORD000253,手机壳
ORD000254,袜子
ORD000254,充电器
ORD000254,耳机
ORD000255,手机壳
ORD000255,护发素
ORD000255,钢化膜
ORD000255,键盘
ORD000256,袜子
ORD000257,面包
ORD000257,耳机
ORD000257,牛奶
ORD000257,T恤
ORD000258,键盘
ORD000258,运动鞋
ORD000258,奶酪
ORD000258,钢化膜
ORD000259,笔记本电脑
ORD000259,充电器
ORD000260,充电器
ORD000260,钢化膜
ORD000260,黄油
ORD000260,手机壳
ORD000261,沐浴露
ORD000261,黄油
ORD000261,手机壳
ORD000262,袜子
ORD000262,牙刷
ORD000263,袜子
ORD000263,洗发水
ORD000264,护发素
ORD000264,奶酪
ORD000264,牙刷
ORD000264,T恤
ORD000265,鸡蛋
ORD000265,护发素
ORD000265,T恤
ORD000265,奶酪
ORD000265,电脑包
ORD000266,帽子
ORD000266,奶酪
ORD000266,牛奶
ORD000267,笔记本电脑
ORD000267,鼠标
ORD000267,手机壳
ORD000267,护发素
ORD000267,运动鞋
ORD000268,牙刷
ORD000268,手机
ORD000268,奶酪
ORD000268,黄油
ORD000268,键盘
ORD000269,T恤
ORD000269,手机
ORD000269,耳机
ORD000270,鸡蛋
ORD000270,面包
ORD000271,牛奶
ORD000271,牛仔裤
ORD000271,洗发水
ORD000272,手机
ORD000272,鸡蛋
ORD000273,牛仔裤
ORD000274,牛仔裤
ORD000274,帽子
ORD000275,鸡蛋
ORD000275,钢化膜
ORD000275,T恤
ORD000276,帽子
ORD000276,面包
ORD000276,洗发水
ORD000276,T恤
ORD000276,笔记本电脑
ORD000277,运动鞋
ORD000277,沐浴露
ORD000277,耳机
ORD000278,牙刷
ORD000278,笔记本电脑
ORD000279,牛仔裤
ORD000279,洗发水
ORD000280,奶酪
ORD000280,袜子
ORD000280,T恤
ORD000280,牙膏
ORD000281,耳机
ORD000281,牛仔裤
ORD000281,袜子
ORD000281,牙膏
ORD000281,电脑包
ORD000282,奶酪
ORD000283,鸡蛋
ORD000283,充电器
ORD000284,散热器
ORD000284,奶酪
ORD000284,手机壳
ORD000284,洗发水
ORD000284,电脑包
ORD000285,牛仔裤
ORD000285,充电器
ORD000286,黄油
ORD000286,耳机
ORD000286,护发素
ORD000286,奶酪
ORD000287,奶酪
ORD000287,鸡蛋
ORD000287,鼠标
ORD000287,T恤
ORD000288,鸡蛋
ORD000288,牙膏
ORD000288,运动鞋
ORD000288,牛仔裤
ORD000288,护发素
ORD000289,电脑包
ORD000289,充电器
ORD000289,黄油
ORD000289,运动鞋
ORD000290,袜子
ORD000291,沐浴露
ORD000291,洗发水
ORD000291,键盘
ORD000291,鸡蛋
ORD000292,手机
ORD000293,手机
ORD000293,牛仔裤
ORD000293,面包
ORD000293,牛奶
ORD000294,奶酪
ORD000294,牛仔裤
ORD000294,袜子
ORD000294,鼠标
ORD000295,鼠标
ORD000295,袜子
ORD000296,帽子
ORD000296,手机壳
ORD000297,耳机
ORD000297,面包
ORD000297,笔记本电脑
ORD000297,牙膏
ORD000298,T恤
ORD000299,袜子
ORD000299,手机壳
ORD000299,洗发水
ORD000300,袜子
ORD000300,运动鞋
ORD000301,牛奶
ORD000301,护发素
ORD000302,牙膏
ORD000302,护发素
ORD000302,鼠标
ORD000302,笔记本电脑
ORD000303,手机
ORD000303,帽子
ORD000303,护发素
ORD000304,牛奶
ORD000304,牛仔裤
ORD000304,鼠标
ORD000304,洗发水
ORD000305,耳机
ORD000305,面包
ORD000305,鼠标
ORD000305,牛奶
ORD000306,奶酪
ORD000306,耳机
ORD000307,电脑包
ORD000307,奶酪
ORD000307,手机
ORD000308,洗发水
ORD000308,面包
ORD000309,手机壳
ORD000309,牙膏
ORD000310,牙刷
ORD000310,充电器
ORD000310,鸡蛋
ORD000310,鼠标
ORD000311,电脑包
ORD000311,充电器
ORD000311,键盘
ORD000311,笔记本电脑
ORD000312,袜子
ORD000312,电脑包
ORD000312,键盘
ORD000312,手机壳
ORD000312,洗发水
ORD000313,洗发水
ORD000313,T恤
ORD000313,牙刷
ORD000313,笔记本电脑
ORD000314,运动鞋
ORD000314,护发素
ORD000315,键盘
ORD000315,牙刷
ORD000315,充电器
ORD000315,面包
ORD000315,洗发水
ORD000316,袜子
ORD000316,耳机
ORD000316,充电器
ORD000317,牙膏
ORD000317,电脑包
ORD000318,洗发水
ORD000318,手机
ORD000318,手机壳
ORD000318,鸡蛋
ORD000319,牙刷
ORD000320,鸡蛋
ORD000321,牙膏
ORD000321,鸡蛋
ORD000321,耳机
ORD000321,黄油
ORD000322,鸡蛋
ORD000322,运动鞋
ORD000322,手机
ORD000323,鸡蛋
ORD000324,手机壳
ORD000325,牙膏
ORD000325,鸡蛋
ORD000325,面包
ORD000326,运动鞋
ORD000327,钢化膜
ORD000327,耳机
ORD000328,耳机
ORD000329,手机
ORD000330,钢化膜
ORD000330,牙膏
ORD000331,电脑包
ORD000331,钢化膜
ORD000331,鸡蛋
ORD000331,运动鞋
ORD000332,牛奶
ORD000333,充电器
ORD000333,护发素
ORD000333,散热器
ORD000334,牙膏
ORD000334,手机
ORD000335,充电器
ORD000335,牙刷
ORD000335,散热器
ORD000335,沐浴露
ORD000335,面包
ORD000336,袜子
ORD000336,钢化膜
ORD000336,护发素
ORD000336,笔记本电脑
ORD000336,黄油
ORD000337,钢化膜
ORD000337,奶酪
ORD000338,面包
ORD000339,钢化膜
ORD000340,电脑包
ORD000341,帽子
ORD000342,黄油
ORD000342,牙刷
ORD000342,T恤
ORD000342,键盘
ORD000343,电脑包
ORD000343,手机壳
ORD000343,充电器
ORD000343,沐浴露
ORD000344,电脑包
ORD000344,洗发水
ORD000344,鸡蛋
ORD000344,帽子
ORD000344,牙膏
ORD000345,手机
ORD000345,牙膏
ORD000345,黄油
ORD000346,牙刷
ORD000346,笔记本电脑
ORD000347,牛仔裤
ORD000347,手机
ORD000347,袜子
ORD000348,沐浴露
ORD000348,手机壳
ORD000348,牛仔裤
ORD000348,充电器
ORD000348,键盘
ORD000349,充电器
ORD000349,运动鞋
ORD000349,钢化膜
ORD000349,黄油
ORD000350,电脑包
ORD000350,袜子
ORD000351,T恤
ORD000351,牙刷
ORD000351,鸡蛋
ORD000351,黄油
ORD000352,充电器
ORD000352,牛奶
ORD000353,牛仔裤
ORD000353,T恤
ORD000353,帽子
ORD000353,牙膏
ORD000353,袜子
ORD000354,耳机
ORD000355,牛奶
ORD000355,面包
ORD000355,黄油
ORD000355,笔记本电脑
ORD000355,奶酪
ORD000356,笔记本电脑
ORD000356,牛仔裤
ORD000356,T恤
ORD000357,黄油
ORD000357,键盘
ORD000357,鸡蛋
ORD000358,电脑包
ORD000358,面包
ORD000358,散热器
ORD000358,运动鞋
ORD000359,电脑包
ORD000360,面包
ORD000360,鸡蛋
ORD000361,帽子
ORD000361,键盘
ORD000362,鸡蛋
ORD000363,充电器
ORD000363,黄油
ORD000363,T恤
ORD000363,散热器
ORD000363,电脑包
ORD000364,面包
ORD000364,手机壳
ORD000365,牛仔裤
ORD000365,电脑包
ORD000365,钢化膜
ORD000365,袜子
ORD000366,T恤
ORD000366,牛仔裤
ORD000366,手机
ORD000366,充电器
ORD000366,沐浴露
ORD000367,电脑包
ORD000367,耳机
ORD000368,护发素
ORD000368,袜子
ORD000368,洗发水
ORD000368,手机壳
ORD000369,牛奶
ORD000369,鸡蛋
ORD000369,护发素
ORD000369,键盘
ORD000370,沐浴露
ORD000370,牛奶
ORD000370,牙膏
ORD000370,耳机
ORD000371,电脑包
ORD000372,黄油
ORD000372,牛奶
ORD000372,键盘
ORD000372,奶酪
ORD000372,钢化膜
ORD000373,T恤
ORD000374,袜子
ORD000374,牙刷
ORD000374,护发素
ORD000374,鸡蛋
ORD000375,散热器
ORD000375,鸡蛋
ORD000375,充电器
ORD000376,牛仔裤
ORD000376,面包
ORD000377,散热器
ORD000377,运动鞋
ORD000377,鼠标
ORD000377,钢化膜
ORD000377,帽子
ORD000378,牙刷
ORD000378,钢化膜
ORD000378,袜子
ORD000378,牛仔裤
ORD000379,护发素
ORD000379,奶酪
ORD000379,T恤
ORD000379,帽子
ORD000380,笔记本电脑
ORD000380,帽子
ORD000380,面包
ORD000381,沐浴露
ORD000381,键盘
ORD000382,T恤
ORD000382,笔记本电脑
ORD000382,帽子
ORD000382,钢化膜
ORD000382,面包
ORD000383,牙膏
ORD000383,耳机
ORD000384,黄油
ORD000384,鸡蛋
ORD000384,沐浴露
ORD000384,牙膏
ORD000384,护发素
ORD000385,洗发水
ORD000385,手机
ORD000385,电脑包
ORD000385,面包
ORD000386,护发素
ORD000386,手机
ORD000386,沐浴露
ORD000386,散热器
ORD000386,牙刷
ORD000387,运动鞋
ORD000387,充电器
ORD000387,手机壳
ORD000388,笔记本电脑
ORD000388,运动鞋
ORD000388,T恤
ORD000388,鼠标
ORD000389,护发素
ORD000390,奶酪
ORD000391,手机
ORD000391,护发素
ORD000392,沐浴露
ORD000393,耳机
ORD000393,手机壳
ORD000394,牛仔裤
ORD000394,奶酪
ORD000394,袜子
ORD000394,手机
ORD000394,钢化膜
ORD000395,耳机
ORD000395,面包
ORD000395,运动鞋
ORD000395,键盘
ORD000395,鼠标
ORD000396,沐浴露
ORD000396,护发素
ORD000396,帽子
ORD000396,奶酪
ORD000397,沐浴露
ORD000397,牙刷
ORD000398,T恤
ORD000398,沐浴露
ORD000398,洗发水
ORD000399,散热器
ORD000399,牙刷
ORD000400,袜子
ORD000401,耳机
ORD000401,袜子
ORD000401,运动鞋
ORD000402,手机壳
ORD000402,充电器
ORD000403,洗发水
ORD000403,钢化膜
ORD000403,帽子
ORD000403,散热器
ORD000403,牛仔裤
ORD000404,护发素
ORD000405,键盘
ORD000405,充电器
ORD000406,袜子
ORD000407,运动鞋
ORD000407,手机壳
ORD000407,笔记本电脑
ORD000408,笔记本电脑
ORD000409,笔记本电脑
ORD000409,洗发水
ORD000409,面包
ORD000409,鼠标
ORD000409,护发素
ORD000410,牙刷
ORD000411,帽子
ORD000411,运动鞋
ORD000411,充电器
ORD000411,耳机
ORD000412,奶酪
ORD000412,耳机
ORD000412,牙膏
ORD000412,鼠标
ORD000412,袜子
ORD000413,黄油
ORD000414,运动鞋
ORD000414,护发素
ORD000414,牙膏
ORD000414,笔记本电脑
ORD000414,耳机
ORD000415,运动鞋
ORD000415,电脑包
ORD000415,面包
ORD000415,手机壳
ORD000416,鸡蛋
ORD000416,袜子
ORD000416,护发素
ORD000416,牛奶
ORD000416,黄油
ORD000417,手机壳
ORD000417,护发素
ORD000417,奶酪
ORD000417,散热器
ORD000418,沐浴露
ORD000418,运动鞋
ORD000418,洗发水
ORD000418,电脑包
ORD000418,袜子
ORD000419,T恤
ORD000419,牛仔裤
ORD000419,牙刷
ORD000419,键盘
ORD000420,洗发水
ORD000420,耳机
ORD000420,牛仔裤
ORD000420,运动鞋
ORD000421,牙膏
ORD000422,键盘
ORD000422,黄油
ORD000422,护发素
ORD000423,帽子
ORD000423,充电器
ORD000423,袜子
ORD000424,沐浴露
ORD000424,手机壳
ORD000424,牛仔裤
ORD000424,手机
ORD000424,电脑包
ORD000425,奶酪
ORD000425,键盘
ORD000425,运动鞋
ORD000426,黄油
ORD000426,T恤
ORD000426,充电器
ORD000426,手机
ORD000426,键盘
ORD000427,电脑包
ORD000427,鼠标
ORD000428,牛仔裤
ORD000429,沐浴露
ORD000429,耳机
ORD000430,袜子
ORD000430,笔记本电脑
ORD000430,洗发水
ORD000431,鼠标
ORD000431,电脑包
ORD000432,牛仔裤
ORD000432,T恤
ORD000432,鼠标
ORD000433,散热器
ORD000434,黄油
ORD000435,钢化膜
ORD000435,鼠标
ORD000435,充电器
ORD000436,T恤
ORD000436,帽子
ORD000436,手机
ORD000437,面包
ORD000437,袜子
ORD000437,散热器
ORD000437,牛奶
ORD000438,沐浴露
ORD000438,洗发水
ORD000438,鼠标
ORD000438,牙膏
ORD000438,耳机
ORD000439,牛奶
ORD000439,奶酪
ORD000439,电脑包
ORD000440,袜子
ORD000440,护发素
ORD000440,笔记本电脑
ORD000441,洗发水
ORD000441,帽子
ORD000441,面包
ORD000441,笔记本电脑
ORD000441,散热器
ORD000442,手机
ORD000442,黄油
ORD000443,笔记本电脑
ORD000443,手机
ORD000443,牙刷
ORD000443,电脑包
ORD000444,鸡蛋
ORD000444,手机
ORD000444,运动鞋
ORD000444,牙膏
ORD000445,洗发水
ORD000445,耳机
ORD000445,护发素
ORD000446,鼠标
ORD000446,牛仔裤
ORD000446,牙膏
ORD000447,耳机
ORD000447,电脑包
ORD000447,洗发水
ORD000447,护发素
ORD000447,笔记本电脑
ORD000448,袜子
ORD000449,手机壳
ORD000449,电脑包
ORD000449,面包
ORD000449,洗发水
ORD000449,帽子
ORD000450,笔记本电脑
ORD000451,T恤
ORD000451,键盘
ORD000451,牛仔裤
ORD000451,鸡蛋
ORD000451,牙膏
ORD000452,运动鞋
ORD000453,袜子
ORD000453,牙膏
ORD000453,电脑包
ORD000454,袜子
ORD000454,T恤
ORD000454,手机
ORD000454,鸡蛋
ORD000454,帽子
ORD000455,黄油
ORD000455,护发素
ORD000455,钢化膜
ORD000455,鸡蛋
ORD000456,运动鞋
ORD000456,笔记本电脑
ORD000456,奶酪
ORD000457,笔记本电脑
ORD000457,牙膏
ORD000457,电脑包
ORD000457,护发素
ORD000458,散热器
ORD000458,鸡蛋
ORD000459,手机壳
ORD000459,奶酪
ORD000460,牙刷
ORD000461,手机壳
ORD000462,奶酪
ORD000462,牛仔裤
ORD000463,运动鞋
ORD000463,奶酪
ORD000463,充电器
ORD000463,钢化膜
ORD000464,牙刷
ORD000464,耳机
ORD000464,散热器
ORD000465,袜子
ORD000465,充电器
ORD000465,散热器
ORD000466,笔记本电脑
ORD000466,牙膏
ORD000466,运动鞋
ORD000466,电脑包
ORD000466,鼠标
ORD000467,鼠标
ORD000467,笔记本电脑
ORD000467,牛仔裤
ORD000467,鸡蛋
ORD000468,运动鞋
ORD000468,奶酪
ORD000468,耳机
ORD000469,键盘
ORD000469,牙膏
ORD000469,奶酪
ORD000469,耳机
ORD000469,电脑包
ORD000470,电脑包
ORD000470,牙膏
ORD000471,奶酪
ORD000471,运动鞋
ORD000472,散热器
ORD000472,手机
ORD000472,沐浴露
ORD000472,帽子
ORD000473,面包
ORD000473,鸡蛋
ORD000474,充电器
ORD000474,帽子
ORD000474,键盘
ORD000474,奶酪
ORD000474,护发素
ORD000475,面包
ORD000475,散热器
ORD000475,袜子
ORD000475,钢化膜
ORD000475,黄油
ORD000476,键盘
ORD000476,牙刷
ORD000476,耳机
ORD000476,奶酪
ORD000477,手机壳
ORD000477,电脑包
ORD000478,电脑包
ORD000478,散热器
ORD000478,沐浴露
ORD000478,手机
ORD000479,黄油
ORD000480,充电器
ORD000480,键盘
ORD000480,耳机
ORD000480,牙刷
ORD000481,洗发水
ORD000481,牛奶
ORD000482,袜子
ORD000483,手机壳
ORD000483,护发素
ORD000483,充电器
ORD000484,鼠标
ORD000484,手机
ORD000484,袜子
ORD000484,充电器
ORD000485,充电器
ORD000485,黄油
ORD000486,充电器
ORD000486,电脑包
ORD000486,护发素
ORD000487,笔记本电脑
ORD000487,洗发水
ORD000487,黄油
ORD000487,护发素
ORD000487,奶酪
ORD000488,牛奶
ORD000488,鼠标
ORD000488,牙刷
ORD000488,键盘
ORD000488,牙膏
ORD000489,沐浴露
ORD000490,奶酪
ORD000490,黄油
ORD000490,牛仔裤
ORD000490,键盘
ORD000490,鸡蛋
ORD000491,牛仔裤
ORD000492,鸡蛋
ORD000492,T恤
ORD000492,手机壳
ORD000492,袜子
ORD000493,充电器
ORD000493,键盘
ORD000493,笔记本电脑
ORD000493,牙刷
ORD000494,牙膏
ORD000494,笔记本电脑
ORD000494,鼠标
ORD000495,T恤
ORD000495,钢化膜
ORD000496,鼠标
ORD000496,散热器
ORD000496,帽子
ORD000496,耳机
ORD000497,笔记本电脑
ORD000497,手机
ORD000497,牛仔裤
ORD000498,洗发水
ORD000498,护发素
ORD000498,电脑包
ORD000498,沐浴露
ORD000498,牙刷
ORD000499,面包
ORD000499,鸡蛋
ORD000500,沐浴露
ORD000500,手机
ORD000500,手机壳
ORD000501,牙刷
ORD000501,面包
ORD000501,护发素
ORD000501,散热器
ORD000502,耳机
ORD000502,手机壳
ORD000502,护发素
ORD000502,洗发水
ORD000502,袜子
ORD000503,电脑包
ORD000503,散热器
ORD000503,笔记本电脑
ORD000504,T恤
ORD000504,牛奶
ORD000504,电脑包
ORD000505,电脑包
ORD000505,面包
ORD000506,牛仔裤
ORD000507,面包
ORD000507,T恤
ORD000507,黄油
ORD000507,帽子
ORD000508,牛奶
ORD000508,手机壳
ORD000508,笔记本电脑
ORD000508,牙刷
ORD000508,散热器
ORD000509,手机
ORD000509,奶酪
ORD000510,钢化膜
ORD000510,牙刷
ORD000511,帽子
ORD000512,牛奶
ORD000512,鼠标
ORD000512,散热器
ORD000512,耳机
ORD000512,牛仔裤
ORD000513,沐浴露
ORD000513,运动鞋
ORD000513,手机壳
ORD000513,手机
ORD000514,键盘
ORD000514,帽子
ORD000514,牛仔裤
ORD000514,面包
ORD000515,面包
ORD000515,洗发水
ORD000515,护发素
ORD000515,笔记本电脑
ORD000516,钢化膜
ORD000516,散热器
ORD000517,奶酪
ORD000517,洗发水
ORD000517,牛仔裤
ORD000518,T恤
ORD000518,帽子
ORD000518,面包
ORD000519,帽子
ORD000519,牙膏
ORD000519,黄油
ORD000519,电脑包
ORD000519,鼠标
ORD000520,牙刷
ORD000520,键盘
ORD000520,笔记本电脑
ORD000520,沐浴露
ORD000520,充电器
ORD000521,鸡蛋
ORD000521,牛奶
ORD000522,T恤
ORD000522,充电器
ORD000523,牙刷
ORD000523,鸡蛋
ORD000523,散热器
ORD000524,牙刷
ORD000524,钢化膜
ORD000525,洗发水
ORD000525,钢化膜
ORD000525,牛奶
ORD000526,笔记本电脑
ORD000527,电脑包
ORD000527,牙刷
ORD000527,牙膏
ORD000527,散热器
ORD000528,充电器
ORD000529,牛仔裤
ORD000529,T恤
ORD000529,洗发水
ORD000530,耳机
ORD000530,鸡蛋
ORD000530,黄油
ORD000530,运动鞋
ORD000531,袜子
ORD000531,沐浴露
ORD000532,帽子
ORD000533,钢化膜
ORD000533,洗发水
ORD000533,电脑包
ORD000533,沐浴露
ORD000533,手机壳
ORD000534,手机壳
ORD000534,笔记本电脑
ORD000534,牛奶
ORD000534,牙膏
ORD000535,散热器
ORD000535,手机
ORD000535,运动鞋
ORD000536,沐浴露
ORD000536,鸡蛋
ORD000537,手机
ORD000538,袜子
ORD000538,帽子
ORD000538,手机
ORD000538,护发素
ORD000538,奶酪
ORD000539,笔记本电脑
ORD000539,电脑包
ORD000540,鼠标
ORD000540,沐浴露
ORD000540,散热器
ORD000540,手机
ORD000541,电脑包
ORD000541,键盘
ORD000542,奶酪
ORD000542,键盘
ORD000542,面包
ORD000542,帽子
ORD000542,散热器
ORD000543,洗发水
ORD000543,袜子
ORD000544,运动鞋
ORD000544,键盘
ORD000544,帽子
ORD000545,键盘
ORD000545,牙膏
ORD000545,钢化膜
ORD000545,牙刷
ORD000545,牛仔裤
ORD000546,牛奶
ORD000546,T恤
ORD000546,运动鞋
ORD000547,袜子
ORD000548,牛仔裤
ORD000548,运动鞋
ORD000548,牛奶
ORD000549,钢化膜
ORD000549,散热器
ORD000549,笔记本电脑
ORD000549,鼠标
ORD000549,电脑包
ORD000550,牙刷
ORD000551,袜子
ORD000551,运动鞋
ORD000551,沐浴露
ORD000551,电脑包
ORD000552,充电器
ORD000552,钢化膜
ORD000552,奶酪
ORD000552,护发素
ORD000553,笔记本电脑
ORD000554,电脑包
ORD000554,运动鞋
ORD000554,散热器
ORD000555,面包
ORD000556,笔记本电脑
ORD000556,洗发水
ORD000557,笔记本电脑
ORD000558,牙刷
ORD000558,牛仔裤
ORD000558,鸡蛋
ORD000558,手机
ORD000558,牙膏
ORD000559,袜子
ORD000559,沐浴露
ORD000560,鼠标
ORD000560,键盘
ORD000560,奶酪
ORD000560,护发素
ORD000560,帽子
ORD000561,散热器
ORD000561,护发素
ORD000561,沐浴露
ORD000562,充电器
ORD000563,耳机
ORD000563,鼠标
ORD000563,充电器
ORD000564,手机
ORD000565,沐浴露
ORD000565,运动鞋
ORD000566,耳机
ORD000566,护发素
ORD000567,牛奶
ORD000567,袜子
ORD000567,面包
ORD000567,鼠标
ORD000567,鸡蛋
ORD000568,牛仔裤
ORD000568,充电器
ORD000569,键盘
ORD000570,T恤
ORD000570,充电器
ORD000570,鼠标
ORD000571,黄油
ORD000571,鼠标
ORD000571,面包
ORD000571,护发素
ORD000572,洗发水
ORD000572,键盘
ORD000572,运动鞋
ORD000572,充电器
ORD000572,牛仔裤
ORD000573,牛奶
ORD000573,T恤
ORD000573,笔记本电脑
ORD000574,帽子
ORD000575,钢化膜
ORD000575,充电器
ORD000575,袜子
ORD000576,运动鞋
ORD000576,电脑包
ORD000576,帽子
ORD000576,袜子
ORD000577,护发素
ORD000577,袜子
ORD000577,面包
ORD000577,散热器
ORD000578,牙刷
ORD000578,键盘
ORD000578,牙膏
ORD000578,面包
ORD000578,鼠标
ORD000579,电脑包
ORD000579,耳机
ORD000579,钢化膜
ORD000579,鸡蛋
ORD000579,护发素
ORD000580,牛奶
ORD000580,充电器
ORD000580,运动鞋
ORD000580,鼠标
ORD000581,牙膏
ORD000581,手机
ORD000581,笔记本电脑
ORD000581,电脑包
ORD000582,护发素
ORD000582,袜子
ORD000582,牙刷
ORD000582,散热器
ORD000582,手机壳
ORD000583,牙膏
ORD000583,沐浴露
ORD000583,鸡蛋
ORD000583,牛仔裤
ORD000583,耳机
ORD000584,黄油
ORD000585,耳机
ORD000585,鼠标
ORD000586,牙刷
ORD000586,面包
ORD000587,袜子
ORD000587,电脑包
ORD000587,牙刷
ORD000587,笔记本电脑
ORD000587,帽子
ORD000588,手机
ORD000588,笔记本电脑
ORD000589,奶酪
ORD000590,鸡蛋
ORD000590,T恤
ORD000591,充电器
ORD000591,笔记本电脑
ORD000592,袜子
ORD000592,鼠标
ORD000592,笔记本电脑
ORD000592,运动鞋
ORD000593,洗发水
ORD000594,牙刷
ORD000594,笔记本电脑
ORD000594,牙膏
ORD000594,耳机
ORD000594,牛奶
ORD000595,护发素
ORD000596,运动鞋
ORD000596,面包
ORD000596,手机
ORD000597,运动鞋
ORD000597,散热器
ORD000598,笔记本电脑
ORD000598,牛仔裤
ORD000599,鼠标
ORD000599,护发素
ORD000599,电脑包
ORD000600,牛奶
ORD000600,耳机
ORD000600,洗发水
ORD000601,牙刷
ORD000601,牙膏
ORD000601,鸡蛋
ORD000601,耳机
ORD000602,牛奶
ORD000602,电脑包
ORD000603,奶酪
ORD000603,牙刷
ORD000603,洗发水
ORD000603,耳机
ORD000604,面包
ORD000604,牛奶
ORD000604,笔记本电脑
ORD000604,洗发水
ORD000604,护发素
ORD000605,护发素
ORD000605,奶酪
ORD000605,沐浴露
ORD000605,手机壳
ORD000606,手机
ORD000606,钢化膜
ORD000606,牙刷
ORD000606,牛奶
ORD000606,键盘
ORD000607,奶酪
ORD000607,散热器
ORD000607,沐浴露
ORD000607,面包
ORD000608,面包
ORD000609,鼠标
ORD000609,牙膏
ORD000609,面包
ORD000610,沐浴露
ORD000610,袜子
ORD000611,牙膏
ORD000611,鼠标
ORD000611,袜子
ORD000612,笔记本电脑
ORD000612,鼠标
ORD000612,黄油
ORD000613,袜子
ORD000613,电脑包
ORD000614,牙刷
ORD000615,袜子
ORD000615,鼠标
ORD000615,洗发水
ORD000616,面包
ORD000616,护发素
ORD000617,鼠标
ORD000617,耳机
ORD000617,牛奶
ORD000618,鸡蛋
ORD000619,牙刷
ORD000619,帽子
ORD000620,牛奶
ORD000620,耳机
ORD000620,散热器
ORD000620,充电器
ORD000621,笔记本电脑
ORD000621,奶酪
ORD000621,T恤
ORD000621,鼠标
ORD000621,耳机
ORD000622,黄油
ORD000623,袜子
ORD000623,耳机
ORD000623,护发素
ORD000624,牛仔裤
ORD000624,奶酪
ORD000625,T恤
ORD000625,护发素
ORD000625,耳机
ORD000625,鸡蛋
ORD000625,散热器
ORD000626,键盘
ORD000626,耳机
ORD000626,牛仔裤
ORD000626,面包
ORD000627,鼠标
ORD000628,鸡蛋
ORD000628,黄油
ORD000629,牛奶
ORD000629,手机
ORD000629,袜子
ORD000630,T恤
ORD000630,沐浴露
ORD000630,鼠标
ORD000630,散热器
ORD000631,电脑包
ORD000631,耳机
ORD000631,洗发水
ORD000631,键盘
ORD000631,护发素
ORD000632,牛仔裤
ORD000632,洗发水
ORD000632,牙刷
ORD000633,耳机
ORD000634,运动鞋
ORD000635,散热器
ORD000635,牙刷
ORD000635,充电器
ORD000636,牛仔裤
ORD000637,耳机
ORD000638,键盘
ORD000638,沐浴露
ORD000638,手机壳
ORD000638,袜子
ORD000639,笔记本电脑
ORD000639,散热器
ORD000639,洗发水
ORD000640,键盘
ORD000641,钢化膜
ORD000641,笔记本电脑
ORD000641,运动鞋
ORD000641,充电器
ORD000641,牛仔裤
ORD000642,洗发水
ORD000642,T恤
ORD000642,电脑包
ORD000643,键盘
ORD000644,袜子
ORD000644,护发素
ORD000644,牙膏
ORD000645,牙刷
ORD000645,帽子
ORD000645,笔记本电脑
ORD000646,奶酪
ORD000646,洗发水
ORD000647,护发素
ORD000647,袜子
ORD000647,手机壳
ORD000648,牛奶
ORD000648,牛仔裤
ORD000648,键盘
ORD000648,黄油
ORD000649,牛仔裤
ORD000649,电脑包
ORD000650,笔记本电脑
ORD000651,键盘
ORD000652,黄油
ORD000652,耳机
ORD000652,散热器
ORD000653,笔记本电脑
ORD000653,奶酪
ORD000653,面包
ORD000653,耳机
ORD000653,手机壳
ORD000654,充电器
ORD000655,奶酪
ORD000656,耳机
ORD000656,T恤
ORD000657,运动鞋
ORD000658,护发素
ORD000658,电脑包
ORD000658,袜子
ORD000659,面包
ORD000660,面包
ORD000660,牙刷
ORD000661,键盘
ORD000661,牛仔裤
ORD000661,手机壳
ORD000662,牙膏
ORD000662,面包
ORD000662,鼠标
ORD000662,散热器
ORD000662,运动鞋
ORD000663,手机
ORD000663,洗发水
ORD000663,T恤
ORD000663,奶酪
ORD000664,牙刷
ORD000664,洗发水
ORD000665,笔记本电脑
ORD000665,帽子
ORD000665,耳机
ORD000666,牙膏
ORD000666,键盘
ORD000667,鸡蛋
ORD000667,散热器
ORD000668,笔记本电脑
ORD000668,鸡蛋
ORD000668,T恤
ORD000668,手机壳
ORD000668,钢化膜
ORD000669,耳机
ORD000669,牛奶
ORD000669,运动鞋
ORD000670,鸡蛋
ORD000671,牙膏
ORD000671,电脑包
ORD000671,手机
ORD000671,散热器
ORD000671,袜子
ORD000672,牙膏
ORD000672,洗发水
ORD000673,笔记本电脑
ORD000673,键盘
ORD000673,牛奶
ORD000673,鼠标
ORD000674,鸡蛋
ORD000674,牛仔裤
ORD000674,耳机
ORD000674,护发素
ORD000675,键盘
ORD000675,手机壳
ORD000675,T恤
ORD000676,鸡蛋
ORD000676,手机
ORD000676,运动鞋
ORD000676,电脑包
ORD000677,牙膏
ORD000677,袜子
ORD000677,鸡蛋
ORD000677,散热器
ORD000677,牛仔裤
ORD000678,T恤
ORD000678,牛仔裤
ORD000678,手机壳
ORD000679,耳机
ORD000679,键盘
ORD000679,牙刷
ORD000680,袜子
ORD000680,奶酪
ORD000681,牙膏
ORD000681,耳机
ORD000682,牙刷
ORD000683,散热器
ORD000683,鸡蛋
ORD000683,牛奶
ORD000683,耳机
ORD000684,耳机
ORD000684,笔记本电脑
ORD000685,耳机
ORD000685,T恤
ORD000685,充电器
ORD000685,键盘
ORD000685,鸡蛋
ORD000686,牙刷
ORD000687,护发素
ORD000687,黄油
ORD000688,牛仔裤
ORD000688,牛奶
ORD000688,洗发水
ORD000688,奶酪
ORD000688,帽子
ORD000689,手机壳
ORD000689,袜子
ORD000690,充电器
ORD000691,牙刷
ORD000691,手机
ORD000691,耳机
ORD000691,黄油
ORD000692,手机壳
ORD000692,护发素
ORD000692,T恤
ORD000692,鼠标
ORD000693,手机壳
ORD000694,手机
ORD000694,牛仔裤
ORD000695,键盘
ORD000695,鼠标
ORD000695,黄油
ORD000696,帽子
ORD000696,T恤
ORD000696,散热器
ORD000696,钢化膜
ORD000697,面包
ORD000697,帽子
ORD000697,牛仔裤
ORD000698,沐浴露
ORD000698,牛奶
ORD000698,奶酪
ORD000698,手机壳
ORD000699,手机壳
ORD000699,护发素
ORD000699,T恤
ORD000700,运动鞋
ORD000700,手机
ORD000700,牙刷
ORD000700,牛仔裤
ORD000701,牙刷
ORD000701,袜子
ORD000702,牙刷
ORD000702,笔记本电脑
ORD000702,散热器
ORD000702,牙膏
ORD000703,键盘
ORD000703,面包
ORD000703,充电器
ORD000703,洗发水
ORD000704,鼠标
ORD000704,电脑包
ORD000704,手机
ORD000704,键盘
ORD000704,沐浴露
ORD000705,牙刷
ORD000705,手机
ORD000705,鸡蛋
ORD000706,笔记本电脑
ORD000707,手机壳
ORD000708,牛仔裤
ORD000708,手机壳
ORD000708,奶酪
ORD000708,鸡蛋
ORD000708,鼠标
ORD000709,护发素
ORD000709,笔记本电脑
ORD000709,牛奶
ORD000709,鼠标
ORD000709,奶酪
ORD000710,T恤
ORD000711,T恤
ORD000711,耳机
ORD000711,牛奶
ORD000712,牙膏
ORD000712,袜子
ORD000712,手机
ORD000712,笔记本电脑
ORD000713,牛奶
ORD000713,钢化膜
ORD000714,牙膏
ORD000715,洗发水
ORD000716,散热器
ORD000716,键盘
ORD000716,沐浴露
ORD000716,耳机
ORD000716,运动鞋
ORD000717,黄油
ORD000717,袜子
ORD000717,面包
ORD000718,奶酪
ORD000718,牛仔裤
ORD000718,电脑包
ORD000718,鸡蛋
ORD000718,T恤
ORD000719,电脑包
ORD000719,面包
ORD000720,手机壳
ORD000720,T恤
ORD000720,洗发水
ORD000721,面包
ORD000721,牙刷
ORD000721,笔记本电脑
ORD000721,手机壳
ORD000722,鸡蛋
ORD000723,键盘
ORD000723,奶酪
ORD000723,牙膏
ORD000724,牛仔裤
ORD000724,鼠标
ORD000724,电脑包
ORD000724,键盘
ORD000725,帽子
ORD000725,面包
ORD000725,沐浴露
ORD000725,散热器
ORD000726,黄油
ORD000726,键盘
ORD000727,鸡蛋
ORD000727,袜子
ORD000727,笔记本电脑
ORD000727,牙刷
ORD000728,护发素
ORD000728,袜子
ORD000728,面包
ORD000728,黄油
ORD000729,T恤
ORD000729,帽子
ORD000729,牛奶
ORD000730,沐浴露
ORD000730,面包
ORD000730,耳机
ORD000731,耳机
ORD000731,牛奶
ORD000731,沐浴露
ORD000732,袜子
ORD000732,键盘
ORD000732,帽子
ORD000732,牙膏
ORD000733,护发素
ORD000733,牙膏
ORD000733,散热器
ORD000733,奶酪
ORD000733,鼠标
ORD000734,电脑包
ORD000735,沐浴露
ORD000735,袜子
ORD000735,手机
ORD000735,帽子
ORD000736,黄油
ORD000736,手机壳
ORD000736,牛奶
ORD000736,奶酪
ORD000736,鼠标
ORD000737,键盘
ORD000737,耳机
ORD000737,T恤
ORD000737,帽子
ORD000737,奶酪
ORD000738,牛奶
ORD000738,洗发水
ORD000738,帽子
ORD000738,键盘
ORD000738,耳机
ORD000739,手机
ORD000739,电脑包
ORD000739,沐浴露
ORD000740,牛奶
ORD000740,鼠标
ORD000741,面包
ORD000741,手机
ORD000741,笔记本电脑
ORD000742,T恤
ORD000743,耳机
ORD000743,手机
ORD000744,手机壳
ORD000745,黄油
ORD000745,耳机
ORD000745,帽子
ORD000746,手机壳
ORD000746,袜子
ORD000746,笔记本电脑
ORD000747,散热器
ORD000747,运动鞋
ORD000747,耳机
ORD000748,鼠标
ORD000748,护发素
ORD000748,手机壳
ORD000748,运动鞋
ORD000748,散热器
ORD000749,电脑包
ORD000749,散热器
ORD000749,牙刷
ORD000749,帽子
ORD000749,牙膏
ORD000750,洗发水
ORD000751,鼠标
ORD000752,手机壳
ORD000752,电脑包
ORD000752,帽子
ORD000753,笔记本电脑
ORD000753,电脑包
ORD000754,耳机
ORD000754,鼠标
ORD000754,奶酪
ORD000754,鸡蛋
ORD000755,护发素
ORD000755,黄油
ORD000755,手机
ORD000755,奶酪
ORD000755,鼠标
ORD000756,笔记本电脑
ORD000756,奶酪
ORD000756,T恤
ORD000757,电脑包
ORD000757,T恤
ORD000757,面包
ORD000757,笔记本电脑
ORD000757,耳机
ORD000758,耳机
ORD000758,奶酪
ORD000758,T恤
ORD000758,运动鞋
ORD000759,袜子
ORD000759,牛仔裤
ORD000759,牙刷
ORD000760,沐浴露
ORD000760,手机
ORD000761,帽子
ORD000761,牙刷
ORD000761,牛仔裤
ORD000762,牛仔裤
ORD000762,黄油
ORD000763,奶酪
ORD000764,鸡蛋
ORD000764,面包
ORD000765,电脑包
ORD000765,钢化膜
ORD000765,鼠标
ORD000766,护发素
ORD000766,手机
ORD000767,手机
ORD000767,牙膏
ORD000768,键盘
ORD000769,沐浴露
ORD000769,面包
ORD000770,手机壳
ORD000770,袜子
ORD000771,键盘
ORD000772,散热器
ORD000772,牛仔裤
ORD000773,鸡蛋
ORD000773,鼠标
ORD000773,牙刷
ORD000773,手机
ORD000773,牙膏
ORD000774,洗发水
ORD000774,牙膏
ORD000775,黄油
ORD000776,钢化膜
ORD000776,护发素
ORD000777,钢化膜
ORD000777,散热器
ORD000777,沐浴露
ORD000778,袜子
ORD000779,鼠标
ORD000779,牛奶
ORD000779,洗发水
ORD000780,运动鞋
ORD000780,充电器
ORD000780,手机
ORD000780,牛奶
ORD000781,袜子
ORD000781,运动鞋
ORD000781,电脑包
ORD000781,键盘
ORD000782,奶酪
ORD000782,手机
ORD000782,袜子
ORD000782,笔记本电脑
ORD000783,T恤
ORD000783,牛奶
ORD000783,奶酪
ORD000783,电脑包
ORD000784,电脑包
ORD000785,散热器
ORD000786,牙膏
ORD000786,手机
ORD000786,鼠标
ORD000786,电脑包
ORD000787,键盘
ORD000787,手机
ORD000787,耳机
ORD000787,牛奶
ORD000787,牙刷
ORD000788,鼠标
ORD000788,牙膏
ORD000788,沐浴露
ORD000788,面包
ORD000789,键盘
ORD000789,牙刷
ORD000790,T恤
ORD000790,手机壳
ORD000790,键盘
ORD000790,面包
ORD000790,牙刷
ORD000791,沐浴露
ORD000791,运动鞋
ORD000791,鸡蛋
ORD000792,面包
ORD000793,护发素
ORD000793,洗发水
ORD000793,奶酪
ORD000794,黄油
ORD000794,散热器
ORD000794,牛奶
ORD000795,牛仔裤
ORD000795,黄油
ORD000796,键盘
ORD000796,黄油
ORD000796,奶酪
ORD000796,洗发水
ORD000797,袜子
ORD000797,沐浴露
ORD000797,奶酪
ORD000798,键盘
ORD000798,牛奶
ORD000798,面包
ORD000799,键盘
ORD000799,钢化膜
ORD000799,护发素
ORD000800,黄油
ORD000800,充电器
ORD000800,帽子
ORD000801,鼠标
ORD000801,帽子
ORD000801,耳机
ORD000801,钢化膜
ORD000801,牙膏
ORD000802,牛奶
ORD000802,袜子
ORD000802,护发素
ORD000802,手机
ORD000802,帽子
ORD000803,护发素
ORD000804,鸡蛋
ORD000804,帽子
ORD000804,笔记本电脑
ORD000804,沐浴露
ORD000804,牙膏
ORD000805,手机
ORD000805,钢化膜
ORD000806,电脑包
ORD000806,牛仔裤
ORD000806,面包
ORD000807,洗发水
ORD000808,面包
ORD000808,黄油
ORD000808,运动鞋
ORD000808,笔记本电脑
ORD000809,奶酪
ORD000809,帽子
ORD000809,散热器
ORD000809,鼠标
ORD000810,笔记本电脑
ORD000810,沐浴露
ORD000810,充电器
ORD000811,护发素
ORD000811,运动鞋
ORD000811,鼠标
ORD000811,电脑包
ORD000811,袜子
ORD000812,钢化膜
ORD000812,充电器
ORD000812,手机
ORD000813,手机壳
ORD000814,牛奶
ORD000814,帽子
ORD000815,帽子
ORD000815,钢化膜
ORD000815,运动鞋
ORD000816,黄油
ORD000817,运动鞋
ORD000817,散热器
ORD000818,沐浴露
ORD000818,黄油
ORD000818,护发素
ORD000818,手机
ORD000819,鸡蛋
ORD000819,牛仔裤
ORD000820,洗发水
ORD000820,袜子
ORD000820,钢化膜
ORD000821,键盘
ORD000822,运动鞋
ORD000823,牙刷
ORD000823,黄油
ORD000823,袜子
ORD000823,牛仔裤
ORD000824,奶酪
ORD000824,沐浴露
ORD000825,耳机
ORD000825,鸡蛋
ORD000825,充电器
ORD000826,牙膏
ORD000826,牙刷
ORD000827,耳机
ORD000827,笔记本电脑
ORD000827,牛奶
ORD000828,键盘
ORD000828,手机壳
ORD000828,手机
ORD000829,耳机
ORD000830,牙刷
ORD000830,散热器
ORD000830,耳机
ORD000830,电脑包
ORD000830,手机壳
ORD000831,散热器
ORD000831,面包
ORD000831,护发素
ORD000831,袜子
ORD000832,牙膏
ORD000832,手机
ORD000832,电脑包
ORD000832,牙刷
ORD000833,键盘
ORD000833,面包
ORD000833,钢化膜
ORD000833,奶酪
ORD000834,钢化膜
ORD000834,洗发水
ORD000835,袜子
ORD000835,牙刷
ORD000835,运动鞋
ORD000836,护发素
ORD000836,钢化膜
ORD000836,电脑包
ORD000836,牙刷
ORD000837,面包
ORD000837,笔记本电脑
ORD000837,鼠标
ORD000837,键盘
ORD000838,T恤
ORD000838,运动鞋
ORD000838,牛仔裤
ORD000838,黄油
ORD000838,散热器
ORD000839,T恤
ORD000839,耳机
ORD000839,键盘
ORD000839,牛仔裤
ORD000840,奶酪
ORD000840,手机壳
ORD000841,牛仔裤
ORD000841,鼠标
ORD000841,运动鞋
ORD000841,电脑包
ORD000841,护发素
ORD000842,钢化膜
ORD000842,运动鞋
ORD000842,沐浴露
ORD000843,牙刷
ORD000843,散热器
ORD000843,充电器
ORD000843,护发素
ORD000843,手机壳
ORD000844,手机壳
ORD000845,笔记本电脑
ORD000845,钢化膜
ORD000845,散热器
ORD000846,护发素
ORD000846,电脑包
ORD000847,奶酪
ORD000847,耳机
ORD000847,洗发水
ORD000848,电脑包
ORD000848,洗发水
ORD000848,耳机
ORD000848,鸡蛋
ORD000848,钢化膜
ORD000849,护发素
ORD000849,奶酪
ORD000850,手机壳
ORD000850,耳机
ORD000851,鼠标
ORD000851,运动鞋
ORD000851,键盘
ORD000851,手机
ORD000851,手机壳
ORD000852,面包
ORD000852,耳机
ORD000852,牛奶
ORD000853,袜子
ORD000853,奶酪
ORD000853,手机壳
ORD000854,T恤
ORD000854,运动鞋
ORD000855,T恤
ORD000855,帽子
ORD000856,洗发水
ORD000856,键盘
ORD000856,鸡蛋
ORD000856,电脑包
ORD000857,奶酪
ORD000858,奶酪
ORD000858,沐浴露
ORD000859,牛仔裤
ORD000859,袜子
ORD000860,电脑包
ORD000860,耳机
ORD000860,牙刷
ORD000860,奶酪
ORD000861,鸡蛋
ORD000861,散热器
ORD000862,耳机
ORD000863,牛奶
ORD000863,洗发水
ORD000863,耳机
ORD000863,帽子
ORD000863,手机
ORD000864,鸡蛋
ORD000864,牛奶
ORD000865,笔记本电脑
ORD000865,护发素
ORD000865,T恤
ORD000866,键盘
ORD000866,牛仔裤
ORD000866,T恤
ORD000866,充电器
ORD000866,鼠标
ORD000867,鼠标
ORD000867,奶酪
ORD000868,钢化膜
ORD000868,护发素
ORD000868,面包
ORD000869,护发素
ORD000869,牙刷
ORD000869,沐浴露
ORD000869,牙膏
ORD000869,鸡蛋
ORD000870,牙膏
ORD000870,散热器
ORD000870,钢化膜
ORD000870,鸡蛋
ORD000871,面包
ORD000871,袜子
ORD000871,洗发水
ORD000871,护发素
ORD000871,手机壳
ORD000872,沐浴露
ORD000872,奶酪
ORD000873,运动鞋
ORD000873,牙膏
ORD000873,牙刷
ORD000873,手机
ORD000874,奶酪
ORD000875,袜子
ORD000875,散热器
ORD000875,鸡蛋
ORD000875,耳机
ORD000876,帽子
ORD000876,散热器
ORD000876,黄油
ORD000877,电脑包
ORD000877,牛仔裤
ORD000877,护发素
ORD000877,牙膏
ORD000878,笔记本电脑
ORD000878,钢化膜
ORD000878,洗发水
ORD000879,运动鞋
ORD000879,黄油
ORD000879,电脑包
ORD000879,鸡蛋
ORD000879,牛奶
ORD000880,手机壳
ORD000880,钢化膜
ORD000880,袜子
ORD000880,牛奶
ORD000881,牙膏
ORD000882,运动鞋
ORD000882,电脑包
ORD000883,牛奶
ORD000883,帽子
ORD000883,洗发水
ORD000883,键盘
ORD000884,奶酪
ORD000885,牛仔裤
ORD000885,鸡蛋
ORD000885,洗发水
ORD000885,奶酪
ORD000886,牛仔裤
ORD000887,手机
ORD000887,耳机
ORD000887,牛仔裤
ORD000887,牙膏
ORD000888,护发素
ORD000888,电脑包
ORD000888,沐浴露
ORD000889,护发素
ORD000889,T恤
ORD000889,键盘
ORD000889,笔记本电脑
ORD000890,牙膏
ORD000890,T恤
ORD000890,手机壳
ORD000891,手机
ORD000891,牛奶
ORD000891,键盘
ORD000891,运动鞋
ORD000891,沐浴露
ORD000892,耳机
ORD000892,鼠标
ORD000892,沐浴露
ORD000892,笔记本电脑
ORD000892,袜子
ORD000893,鸡蛋
ORD000893,充电器
ORD000893,耳机
ORD000894,面包
ORD000894,牛仔裤
ORD000894,笔记本电脑
ORD000894,沐浴露
ORD000894,护发素
ORD000895,面包
ORD000895,袜子
ORD000896,笔记本电脑
ORD000896,洗发水
ORD000897,牙膏
ORD000897,钢化膜
ORD000897,牛仔裤
ORD000898,袜子
ORD000898,鸡蛋
ORD000898,黄油
ORD000899,黄油
ORD000900,沐浴露
ORD000900,充电器
ORD000900,袜子
ORD000900,耳机
ORD000900,牛奶
ORD000901,面包
ORD000901,键盘
ORD000902,牙刷
ORD000902,护发素
ORD000903,面包
ORD000903,沐浴露
ORD000903,洗发水
ORD000903,手机
ORD000903,牙膏
ORD000904,黄油
ORD000904,牙刷
ORD000904,耳机
ORD000904,鸡蛋
ORD000904,手机壳
ORD000905,耳机
ORD000905,钢化膜
ORD000905,手机
ORD000905,T恤
ORD000905,鼠标
ORD000906,散热器
ORD000906,袜子
ORD000906,洗发水
ORD000906,键盘
ORD000907,充电器
ORD000908,洗发水
ORD000909,运动鞋
ORD000909,沐浴露
ORD000909,钢化膜
ORD000910,键盘
ORD000910,鼠标
ORD000911,帽子
ORD000911,笔记本电脑
ORD000912,鸡蛋
ORD000912,奶酪
ORD000912,笔记本电脑
ORD000912,黄油
ORD000912,耳机
ORD000913,沐浴露
ORD000913,鼠标
ORD000913,键盘
ORD000913,袜子
ORD000913,笔记本电脑
ORD000914,奶酪
ORD000914,手机壳
ORD000914,黄油
ORD000914,键盘
ORD000915,洗发水
ORD000915,黄油
ORD000915,护发素
ORD000915,面包
ORD000915,牛奶
ORD000916,沐浴露
ORD000916,手机壳
ORD000916,牙膏
ORD000916,耳机
ORD000916,帽子
ORD000917,沐浴露
ORD000917,手机壳
ORD000917,牙膏
ORD000917,护发素
ORD000917,帽子
ORD000918,运动鞋
ORD000918,键盘
ORD000919,袜子
ORD000919,手机
ORD000919,充电器
ORD000919,钢化膜
ORD000920,散热器
ORD000920,牙刷
ORD000920,钢化膜
ORD000920,沐浴露
ORD000920,键盘
ORD000921,鸡蛋
ORD000921,洗发水
ORD000921,沐浴露
ORD000921,散热器
ORD000922,鸡蛋
ORD000923,T恤
ORD000923,护发素
ORD000923,鸡蛋
ORD000923,笔记本电脑
ORD000924,鼠标
ORD000924,牛奶
ORD000924,袜子
ORD000924,笔记本电脑
ORD000924,黄油
ORD000925,护发素
ORD000925,手机
ORD000925,洗发水
ORD000925,牛奶
ORD000926,护发素
ORD000926,沐浴露
ORD000926,黄油
ORD000927,面包
ORD000927,护发素
ORD000927,牛仔裤
ORD000927,袜子
ORD000928,帽子
ORD000929,帽子
ORD000929,键盘
ORD000929,T恤
ORD000930,电脑包
ORD000930,帽子
ORD000930,奶酪
ORD000930,键盘
ORD000930,耳机
ORD000931,充电器
ORD000931,散热器
ORD000931,奶酪
ORD000931,键盘
ORD000932,耳机
ORD000932,T恤
ORD000933,牛仔裤
ORD000933,耳机
ORD000934,袜子
ORD000934,牛仔裤
ORD000934,笔记本电脑
ORD000934,钢化膜
ORD000935,沐浴露
ORD000935,充电器
ORD000935,电脑包
ORD000935,帽子
ORD000935,手机
ORD000936,键盘
ORD000936,帽子
ORD000936,手机壳
ORD000936,沐浴露
ORD000937,帽子
ORD000937,护发素
ORD000937,手机
ORD000938,充电器
ORD000938,散热器
ORD000938,鼠标
ORD000938,键盘
ORD000938,袜子
ORD000939,钢化膜
ORD000939,T恤
ORD000939,奶酪
ORD000940,电脑包
ORD000940,黄油
ORD000940,洗发水
ORD000940,帽子
ORD000940,耳机
ORD000941,牛仔裤
ORD000941,手机壳
ORD000941,键盘
ORD000942,手机壳
ORD000942,鼠标
ORD000942,耳机
ORD000942,钢化膜
ORD000943,T恤
ORD000943,帽子
ORD000943,牙膏
ORD000944,面包
ORD000944,牙刷
ORD000944,鼠标
ORD000944,袜子
ORD000945,洗发水
ORD000945,运动鞋
ORD000945,护发素
ORD000945,耳机
ORD000946,鼠标
ORD000947,运动鞋
ORD000948,笔记本电脑
ORD000948,黄油
ORD000948,沐浴露
ORD000948,牙膏
ORD000949,鼠标
ORD000949,T恤
ORD000949,袜子
ORD000950,黄油
ORD000950,电脑包
ORD000950,面包
ORD000951,帽子
ORD000951,牙膏
ORD000952,牙刷
ORD000953,袜子
ORD000954,护发素
ORD000954,运动鞋
ORD000955,鸡蛋
ORD000955,牙膏
ORD000955,散热器
ORD000955,键盘
ORD000955,笔记本电脑
ORD000956,充电器
ORD000956,帽子
ORD000956,黄油
ORD000957,T恤
ORD000958,充电器
ORD000959,牙刷
ORD000959,钢化膜
ORD000960,键盘
ORD000960,钢化膜
ORD000960,鸡蛋
ORD000960,耳机
ORD000961,牛仔裤
ORD000961,键盘
ORD000961,奶酪
ORD000962,运动鞋
ORD000962,沐浴露
ORD000963,键盘
ORD000963,电脑包
ORD000964,鸡蛋
ORD000964,面包
ORD000964,笔记本电脑
ORD000965,黄油
ORD000965,牙膏
ORD000965,手机壳
ORD000966,充电器
ORD000966,运动鞋
ORD000967,手机
ORD000967,面包
ORD000968,洗发水
ORD000968,手机壳
ORD000968,钢化膜
ORD000968,鼠标
ORD000968,牛奶
ORD000969,钢化膜
ORD000969,键盘
ORD000969,散热器
ORD000969,牛仔裤
ORD000970,沐浴露
ORD000970,充电器
ORD000970,手机壳
ORD000970,电脑包
ORD000970,洗发水
ORD000971,T恤
ORD000971,洗发水
ORD000971,牛奶
ORD000971,键盘
ORD000971,电脑包
ORD000972,黄油
ORD000972,牙膏
ORD000973,牛奶
ORD000973,电脑包
ORD000974,护发素
ORD000975,充电器
ORD000975,手机
ORD000976,奶酪
ORD000977,洗发水
ORD000977,牙刷
ORD000978,钢化膜
ORD000978,运动鞋
ORD000979,手机
ORD000979,洗发水
ORD000980,T恤
ORD000980,充电器
ORD000980,牙膏
ORD000980,鼠标
ORD000981,袜子
ORD000982,键盘
ORD000982,运动鞋
ORD000982,牛仔裤
ORD000983,手机
ORD000983,牛仔裤
ORD000984,钢化膜
ORD000984,牛奶
ORD000984,护发素
ORD000984,鼠标
ORD000984,电脑包
ORD000985,帽子
ORD000985,散热器
ORD000985,充电器
ORD000985,护发素
ORD000986,帽子
ORD000987,牛仔裤
ORD000987,钢化膜
ORD000987,电脑包
ORD000987,运动鞋
ORD000988,T恤
ORD000988,袜子
ORD000988,钢化膜
ORD000988,黄油
ORD000989,牙刷
ORD000989,手机壳
ORD000989,黄油
ORD000990,充电器
ORD000990,洗发水
ORD000990,奶酪
ORD000991,笔记本电脑
ORD000991,护发素
ORD000991,键盘
ORD000991,鼠标
ORD000991,耳机
ORD000992,手机壳
ORD000993,散热器
ORD000993,充电器
ORD000994,袜子
ORD000994,帽子
ORD000995,护发素
ORD000996,帽子
ORD000996,牙刷
ORD000997,钢化膜
ORD000997,运动鞋
ORD000998,手机
ORD000998,耳机
ORD000998,洗发水
ORD000998,奶酪
ORD000999,牙刷
ORD000999,袜子
ORD000999,护发素
ORD000999,洗发水
ORD000999,牛仔裤
ORD001000,帽子
ORD001001,帽子
ORD001001,T恤
ORD001001,奶酪
ORD001001,面包
ORD001002,护发素
ORD001002,T恤
ORD001002,牙刷
ORD001002,电脑包
ORD001002,洗发水
ORD001003,牙膏
ORD001003,钢化膜
ORD001003,键盘
ORD001003,鼠标
ORD001003,袜子
ORD001004,手机
ORD001004,笔记本电脑
ORD001004,耳机
ORD001004,钢化膜
ORD001004,洗发水
ORD001005,散热器
ORD001005,帽子
ORD001005,牙膏
ORD001005,T恤
ORD001005,手机
ORD001006,面包
ORD001006,帽子
ORD001006,钢化膜
ORD001006,牛奶
ORD001007,帽子
ORD001007,牛奶
ORD001008,手机
ORD001008,黄油
ORD001008,帽子
ORD001008,手机壳
ORD001009,钢化膜
ORD001009,键盘
ORD001010,散热器
ORD001010,电脑包
ORD001011,耳机
ORD001012,黄油
ORD001012,牛奶
ORD001013,袜子
ORD001013,T恤
ORD001013,散热器
ORD001014,手机
ORD001015,T恤
ORD001015,护发素
ORD001015,手机
ORD001015,牛奶
ORD001016,耳机
ORD001016,面包
ORD001016,黄油
ORD001016,牛奶
ORD001016,T恤
ORD001017,护发素
ORD001017,运动鞋
ORD001017,面包
ORD001018,黄油
ORD001018,手机
ORD001018,牙刷
ORD001018,牛仔裤
ORD001018,散热器
ORD001019,帽子
ORD001019,电脑包
ORD001020,帽子
ORD001020,散热器
ORD001020,牛奶
ORD001020,面包
ORD001020,耳机
ORD001021,键盘
ORD001021,钢化膜
ORD001021,牛仔裤
ORD001021,T恤
ORD001021,鸡蛋
ORD001022,充电器
ORD001022,电脑包
ORD001022,散热器
ORD001022,笔记本电脑
ORD001023,护发素
ORD001024,充电器
ORD001024,笔记本电脑
ORD001024,牛奶
ORD001024,袜子
ORD001024,钢化膜
ORD001025,面包
ORD001025,牙刷
ORD001025,手机
ORD001025,充电器
ORD001026,手机
ORD001026,牛奶
ORD001027,面包
ORD001028,T恤
ORD001029,运动鞋
ORD001030,散热器
ORD001030,笔记本电脑
ORD001030,护发素
ORD001031,护发素
ORD001031,耳机
ORD001032,充电器
ORD001032,护发素
ORD001033,笔记本电脑
ORD001033,键盘
ORD001033,运动鞋
ORD001034,黄油
ORD001034,键盘
ORD001034,手机壳
ORD001035,牛仔裤
ORD001036,牛仔裤
ORD001036,钢化膜
ORD001036,散热器
ORD001037,T恤
ORD001038,帽子
ORD001038,散热器
ORD001038,手机壳
ORD001038,鼠标
ORD001039,T恤
ORD001039,运动鞋
ORD001039,鸡蛋
ORD001039,充电器
ORD001039,手机
ORD001040,耳机
ORD001040,T恤
ORD001040,牙膏
ORD001040,洗发水
ORD001041,奶酪
ORD001041,牛奶
ORD001042,牛仔裤
ORD001042,鼠标
ORD001042,电脑包
ORD001042,键盘
ORD001042,笔记本电脑
ORD001043,洗发水
ORD001043,电脑包
ORD001044,鸡蛋
ORD001044,电脑包
ORD001044,键盘
ORD001045,鸡蛋
ORD001045,键盘
ORD001045,耳机
ORD001045,钢化膜
ORD001046,牙膏
ORD001046,袜子
ORD001046,牛仔裤
ORD001046,奶酪
ORD001046,耳机
ORD001047,护发素
ORD001048,散热器
ORD001048,面包
ORD001048,钢化膜
ORD001049,牛仔裤
ORD001049,鼠标
ORD001050,牙刷
ORD001050,运动鞋
ORD001051,钢化膜
ORD001051,鼠标
ORD001051,耳机
ORD001051,散热器
ORD001051,沐浴露
ORD001052,鸡蛋
ORD001052,牙刷
ORD001052,运动鞋
ORD001053,牙刷
ORD001053,键盘
ORD001054,牙膏
ORD001055,散热器
ORD001055,T恤
ORD001056,耳机
ORD001057,袜子
ORD001058,洗发水
ORD001058,牛仔裤
ORD001058,运动鞋
ORD001058,牛奶
ORD001058,T恤
ORD001059,运动鞋
ORD001060,面包
ORD001060,耳机
ORD001060,牛仔裤
ORD001061,奶酪
ORD001061,袜子
ORD001061,散热器
ORD001061,鼠标
ORD001061,牛仔裤
ORD001062,沐浴露
ORD001062,手机
ORD001062,T恤
ORD001062,洗发水
ORD001063,键盘
ORD001064,袜子
ORD001064,手机
ORD001064,散热器
ORD001064,牙膏
ORD001064,T恤
ORD001065,运动鞋
ORD001065,奶酪
ORD001066,鸡蛋
ORD001067,散热器
ORD001067,电脑包
ORD001067,牙刷
ORD001067,手机壳
ORD001067,牛奶
ORD001068,袜子
ORD001068,耳机
ORD001068,面包
ORD001069,牙膏
ORD001069,鼠标
ORD001069,帽子
ORD001069,耳机
ORD001070,沐浴露
ORD001071,运动鞋
ORD001071,奶酪
ORD001072,键盘
ORD001072,帽子
ORD001072,护发素
ORD001072,牛仔裤
ORD001073,面包
ORD001073,散热器
ORD001073,鸡蛋
ORD001073,黄油
ORD001073,牛奶
ORD001074,钢化膜
ORD001074,面包
ORD001074,鼠标
ORD001075,散热器
ORD001075,手机
ORD001075,沐浴露
ORD001075,奶酪
ORD001075,面包
ORD001076,电脑包
ORD001076,充电器
ORD001077,耳机
ORD001078,手机壳
ORD001078,奶酪
ORD001078,充电器
ORD001079,奶酪
ORD001079,面包
ORD001079,散热器
ORD001080,键盘
ORD001080,牙膏
ORD001080,牙刷
ORD001080,笔记本电脑
ORD001080,沐浴露
ORD001081,电脑包
ORD001081,运动鞋
ORD001082,洗发水
ORD001082,手机
ORD001082,护发素
ORD001083,充电器
ORD001083,沐浴露
ORD001084,钢化膜
ORD001084,牙刷
ORD001084,帽子
ORD001085,帽子
ORD001085,电脑包
ORD001085,沐浴露
ORD001086,牛奶
ORD001086,充电器
ORD001086,耳机
ORD001086,黄油
ORD001087,帽子
ORD001087,耳机
ORD001087,键盘
ORD001087,钢化膜
ORD001088,电脑包
ORD001089,护发素
ORD001090,钢化膜
ORD001091,散热器
ORD001091,护发素
ORD001091,面包
ORD001092,牛奶
ORD001092,运动鞋
ORD001093,黄油
ORD001093,洗发水
ORD001094,牙刷
ORD001094,电脑包
ORD001094,耳机
ORD001095,沐浴露
ORD001095,散热器
ORD001095,充电器
ORD001095,牛仔裤
ORD001095,鸡蛋
ORD001096,散热器
ORD001096,牛仔裤
ORD001096,键盘
ORD001096,耳机
ORD001096,牛奶
ORD001097,护发素
ORD001098,奶酪
ORD001098,电脑包
ORD001098,鸡蛋
ORD001098,袜子
ORD001098,钢化膜
ORD001099,键盘
ORD001099,黄油
ORD001099,面包
ORD001099,电脑包
ORD001099,牙刷
ORD001100,牙刷
ORD001100,T恤
ORD001100,牛奶
ORD001100,运动鞋
ORD001101,鼠标
ORD001101,电脑包
ORD001102,奶酪
ORD001102,黄油
ORD001102,牙膏
ORD001103,帽子
ORD001103,散热器
ORD001103,沐浴露
ORD001103,耳机
ORD001104,沐浴露
ORD001104,面包
ORD001105,键盘
ORD001106,耳机
ORD001106,鸡蛋
ORD001106,散热器
ORD001107,沐浴露
ORD001107,帽子
ORD001107,鼠标
ORD001107,袜子
ORD001108,奶酪
ORD001108,运动鞋
ORD001108,牛奶
ORD001108,散热器
ORD001109,手机
ORD001109,散热器
ORD001109,牙刷
ORD001109,面包
ORD001109,奶酪
ORD001110,运动鞋
ORD001110,手机壳
ORD001111,钢化膜
ORD001111,面包
ORD001111,牙膏
ORD001112,充电器
ORD001112,袜子
ORD001112,黄油
ORD001113,鸡蛋
ORD001114,鼠标
ORD001115,散热器
ORD001115,手机壳
ORD001116,电脑包
ORD001116,充电器
ORD001116,运动鞋
ORD001117,护发素
ORD001117,牛奶
ORD001117,手机
ORD001117,充电器
ORD001118,帽子
ORD001119,护发素
ORD001119,手机壳
ORD001120,笔记本电脑
ORD001121,键盘
ORD001121,鸡蛋
ORD001121,耳机
ORD001121,牙刷
ORD001121,笔记本电脑
ORD001122,牛奶
ORD001122,鸡蛋
ORD001122,洗发水
ORD001123,耳机
ORD001123,钢化膜
ORD001124,鸡蛋
ORD001124,面包
ORD001124,护发素
ORD001124,奶酪
ORD001125,键盘
ORD001125,电脑包
ORD001125,运动鞋
ORD001125,面包
ORD001125,沐浴露
ORD001126,键盘
ORD001126,T恤
ORD001126,牙膏
ORD001127,手机
ORD001127,牛仔裤
ORD001127,T恤
ORD001127,牛奶
ORD001127,充电器
ORD001128,充电器
ORD001128,帽子
ORD001128,手机壳
ORD001128,电脑包
ORD001129,黄油
ORD001129,奶酪
ORD001129,面包
ORD001129,钢化膜
ORD001130,黄油
ORD001130,鸡蛋
ORD001130,牛奶
ORD001131,散热器
ORD001131,护发素
ORD001131,帽子
ORD001131,黄油
ORD001132,鸡蛋
ORD001132,鼠标
ORD001132,充电器
ORD001133,牛仔裤
ORD001133,充电器
ORD001133,手机
ORD001133,钢化膜
ORD001133,电脑包
ORD001134,牛仔裤
ORD001134,手机壳
ORD001135,鸡蛋
ORD001136,钢化膜
ORD001136,鸡蛋
ORD001136,牙刷
ORD001136,牙膏
ORD001136,充电器
ORD001137,钢化膜
ORD001137,黄油
ORD001138,手机
ORD001138,奶酪
ORD001139,运动鞋
ORD001139,黄油
ORD001139,散热器
ORD001140,笔记本电脑
ORD001140,袜子
ORD001140,洗发水
ORD001140,牙膏
ORD001140,帽子
ORD001141,袜子
ORD001141,散热器
ORD001141,手机壳
ORD001142,面包
ORD001142,电脑包
ORD001142,鼠标
ORD001142,牙膏
ORD001142,沐浴露
ORD001143,鼠标
ORD001143,牙刷
ORD001143,手机壳
ORD001143,运动鞋
ORD001143,鸡蛋
ORD001144,护发素
ORD001145,钢化膜
ORD001145,护发素
ORD001145,鸡蛋
ORD001145,黄油
ORD001145,电脑包
ORD001146,钢化膜
ORD001146,洗发水
ORD001146,耳机
ORD001147,面包
ORD001147,钢化膜
ORD001148,帽子
ORD001149,袜子
ORD001150,散热器
ORD001151,牙膏
ORD001151,洗发水
ORD001151,充电器
ORD001152,鼠标
ORD001152,钢化膜
ORD001152,充电器
ORD001153,牙刷
ORD001153,袜子
ORD001153,散热器
ORD001154,耳机
ORD001154,鼠标
ORD001154,奶酪
ORD001154,T恤
ORD001155,鼠标
ORD001155,鸡蛋
ORD001155,耳机
ORD001155,手机
ORD001156,奶酪
ORD001156,牛仔裤
ORD001156,运动鞋
ORD001157,奶酪
ORD001157,黄油
ORD001157,手机
ORD001157,鸡蛋
ORD001157,帽子
ORD001158,手机壳
ORD001158,护发素
ORD001158,黄油
ORD001158,帽子
ORD001159,黄油
ORD001159,充电器
ORD001160,T恤
ORD001160,钢化膜
ORD001160,洗发水
ORD001160,袜子
ORD001160,鸡蛋
ORD001161,电脑包
ORD001161,运动鞋
ORD001162,鼠标
ORD001162,键盘
ORD001162,充电器
ORD001163,洗发水
ORD001163,散热器
ORD001163,钢化膜
ORD001163,T恤
ORD001164,护发素
ORD001164,手机
ORD001164,笔记本电脑
ORD001164,鼠标
ORD001164,牛仔裤
ORD001165,奶酪
ORD001165,沐浴露
ORD001166,牙刷
ORD001167,帽子
ORD001168,奶酪
ORD001168,牛仔裤
ORD001168,笔记本电脑
ORD001168,T恤
ORD001169,手机
ORD001169,黄油
ORD001169,散热器
ORD001169,充电器
ORD001170,牙刷
ORD001170,耳机
ORD001170,鸡蛋
ORD001170,洗发水
ORD001170,牛奶
ORD001171,手机壳
ORD001171,鸡蛋
ORD001171,面包
ORD001171,牛奶
ORD001172,钢化膜
ORD001172,牛奶
ORD001172,沐浴露
ORD001173,笔记本电脑
ORD001174,耳机
ORD001174,T恤
ORD001175,充电器
ORD001176,鸡蛋
ORD001176,沐浴露
ORD001177,钢化膜
ORD001177,牙膏
ORD001178,T恤
ORD001178,运动鞋
ORD001178,键盘
ORD001178,面包
ORD001179,帽子
ORD001180,耳机
ORD001181,沐浴露
ORD001181,散热器
ORD001182,运动鞋
ORD001183,运动鞋
ORD001183,T恤
ORD001183,键盘
ORD001183,帽子
ORD001184,面包
ORD001184,散热器
ORD001184,护发素
ORD001185,帽子
ORD001185,充电器
ORD001186,手机
ORD001186,护发素
ORD001186,沐浴露
ORD001186,洗发水
ORD001187,手机壳
ORD001187,帽子
ORD001187,洗发水
ORD001188,奶酪
ORD001188,手机
ORD001189,面包
ORD001189,笔记本电脑
ORD001189,耳机
ORD001190,鸡蛋
ORD001190,电脑包
ORD001190,洗发水
ORD001191,手机
ORD001192,电脑包
ORD001192,手机
ORD001192,键盘
ORD001192,奶酪
ORD001192,钢化膜
ORD001193,充电器
ORD001193,牛仔裤
ORD001193,护发素
ORD001193,T恤
ORD001194,牛仔裤
ORD001194,洗发水
ORD001194,手机壳
ORD001194,沐浴露
ORD001195,面包
ORD001196,运动鞋
ORD001196,耳机
ORD001196,黄油
ORD001197,护发素
ORD001197,黄油
ORD001198,洗发水
ORD001199,笔记本电脑
ORD001199,黄油
ORD001199,奶酪
ORD001199,洗发水
ORD001199,牙刷
ORD001200,鸡蛋
ORD001200,面包
ORD001200,洗发水
ORD001200,手机
ORD001201,T恤
ORD001201,散热器
ORD001201,洗发水
ORD001201,鼠标
ORD001201,护发素
ORD001202,键盘
ORD001202,散热器
ORD001203,沐浴露
ORD001204,牙膏
ORD001204,充电器
ORD001204,键盘
ORD001204,鼠标
ORD001204,奶酪
ORD001205,护发素
ORD001206,鸡蛋
ORD001206,牙膏
ORD001206,钢化膜
ORD001207,键盘
ORD001207,充电器
ORD001207,散热器
ORD001207,电脑包
ORD001208,牛奶
ORD001208,散热器
ORD001208,耳机
ORD001208,手机
ORD001209,散热器
ORD001209,鸡蛋
ORD001209,T恤
ORD001209,充电器
ORD001210,袜子
ORD001210,洗发水
ORD001210,键盘
ORD001210,牛仔裤
ORD001211,牛仔裤
ORD001212,手机
ORD001212,键盘
ORD001212,袜子
ORD001212,洗发水
ORD001213,手机
ORD001213,电脑包
ORD001213,洗发水
ORD001213,牙膏
ORD001214,洗发水
ORD001215,手机壳
ORD001215,牛仔裤
ORD001215,钢化膜
ORD001216,牛仔裤
ORD001216,运动鞋
ORD001216,奶酪
ORD001217,奶酪
ORD001218,手机
ORD001218,钢化膜
ORD001218,充电器
ORD001218,运动鞋
ORD001219,牙膏
ORD001219,散热器
ORD001219,帽子
ORD001220,笔记本电脑
ORD001220,散热器
ORD001220,键盘
ORD001221,沐浴露
ORD001222,鼠标
ORD001222,手机
ORD001223,牛奶
ORD001223,牙膏
ORD001224,充电器
ORD001224,笔记本电脑
ORD001225,耳机
ORD001225,奶酪
ORD001225,面包
ORD001226,耳机
ORD001226,笔记本电脑
ORD001227,面包
ORD001227,沐浴露
ORD001227,手机壳
ORD001227,手机
ORD001227,鸡蛋
ORD001228,面包
ORD001228,牛奶
ORD001229,运动鞋
ORD001229,奶酪
ORD001229,电脑包
ORD001229,沐浴露
ORD001229,钢化膜
ORD001230,袜子
ORD001230,充电器
ORD001230,键盘
ORD001230,沐浴露
ORD001231,护发素
ORD001231,手机
ORD001231,牙膏
ORD001232,鸡蛋
ORD001232,袜子
ORD001232,洗发水
ORD001233,电脑包
ORD001233,散热器
ORD001234,散热器
ORD001234,帽子
ORD001235,牛仔裤
ORD001235,运动鞋
ORD001235,键盘
ORD001235,散热器
ORD001235,牛奶
ORD001236,牛奶
ORD001236,耳机
ORD001237,洗发水
ORD001237,手机
ORD001237,鼠标
ORD001238,鼠标
ORD001238,沐浴露
ORD001238,护发素
ORD001238,手机
ORD001238,鸡蛋
ORD001239,洗发水
ORD001240,手机
ORD001240,耳机
ORD001240,鸡蛋
ORD001240,袜子
ORD001241,帽子
ORD001241,电脑包
ORD001241,面包
ORD001241,鼠标
ORD001242,手机
ORD001243,护发素
ORD001244,牛仔裤
ORD001244,电脑包
ORD001245,电脑包
ORD001245,手机
ORD001246,钢化膜
ORD001246,鸡蛋
ORD001246,面包
ORD001247,牛奶
ORD001247,牛仔裤
ORD001248,牛仔裤
ORD001248,T恤
ORD001249,袜子
ORD001249,电脑包
ORD001249,牛奶
ORD001249,沐浴露
ORD001250,T恤
ORD001250,奶酪
ORD001250,牙刷
ORD001250,手机
ORD001251,奶酪
ORD001251,牙刷
ORD001251,运动鞋
ORD001251,牛仔裤
ORD001252,帽子
ORD001252,键盘
ORD001252,电脑包
ORD001252,护发素
ORD001252,洗发水
ORD001253,奶酪
ORD001253,充电器
ORD001253,牙膏
ORD001253,T恤
ORD001253,键盘
ORD001254,黄油
ORD001254,牙膏
ORD001254,袜子
ORD001255,黄油
ORD001255,沐浴露
ORD001255,充电器
ORD001256,键盘
ORD001256,充电器
ORD001257,笔记本电脑
ORD001257,牙刷
ORD001258,鸡蛋
ORD001259,护发素
ORD001259,牛仔裤
ORD001259,运动鞋
ORD001259,手机
ORD001259,散热器
ORD001260,黄油
ORD001260,牙刷
ORD001260,洗发水
ORD001261,牛奶
ORD001261,护发素
ORD001261,袜子
ORD001261,钢化膜
ORD001262,鼠标
ORD001263,电脑包
ORD001263,手机壳
ORD001263,手机
ORD001263,奶酪
ORD001263,面包
ORD001264,面包
ORD001264,牙刷
ORD001264,洗发水
ORD001264,笔记本电脑
ORD001264,护发素
ORD001265,黄油
ORD001265,牛奶
ORD001265,洗发水
ORD001265,电脑包
ORD001265,运动鞋
ORD001266,奶酪
ORD001266,帽子
ORD001267,奶酪
ORD001267,牙刷
ORD001267,笔记本电脑
ORD001268,洗发水
ORD001269,牛奶
ORD001270,面包
ORD001270,运动鞋
ORD001271,面包
ORD001272,帽子
ORD001272,键盘
ORD001273,鸡蛋
ORD001273,运动鞋
ORD001273,耳机
ORD001273,牙刷
ORD001273,笔记本电脑
ORD001274,沐浴露
ORD001274,充电器
ORD001274,牛奶
ORD001274,面包
ORD001275,键盘
ORD001275,鸡蛋
ORD001275,帽子
ORD001276,手机
ORD001276,键盘
ORD001276,钢化膜
ORD001277,T恤
ORD001277,牛奶
ORD001277,沐浴露
ORD001277,袜子
ORD001278,黄油
ORD001278,手机壳
ORD001279,手机
ORD001279,牙膏
ORD001279,牛奶
ORD001280,鼠标
ORD001280,运动鞋
ORD001281,帽子
ORD001281,手机
ORD001282,鼠标
ORD001282,沐浴露
ORD001282,钢化膜
ORD001283,鼠标
ORD001283,牛仔裤
ORD001283,手机壳
ORD001284,鸡蛋
ORD001284,笔记本电脑
ORD001284,面包
ORD001284,键盘
ORD001285,手机
ORD001285,电脑包
ORD001285,T恤
ORD001285,牛仔裤
ORD001285,奶酪
ORD001286,护发素
ORD001286,鸡蛋
ORD001287,牙膏
ORD001287,T恤
ORD001287,牙刷
ORD001288,牙膏
ORD001288,奶酪
ORD001289,钢化膜
ORD001290,鸡蛋
ORD001290,黄油
ORD001290,手机
ORD001290,电脑包
ORD001291,手机壳
ORD001291,充电器
ORD001292,耳机
ORD001292,黄油
ORD001293,牛仔裤
ORD001293,牙刷
ORD001294,鼠标
ORD001294,手机
ORD001295,运动鞋
ORD001295,牙刷
ORD001295,面包
ORD001295,奶酪
ORD001296,帽子
ORD001296,鼠标
ORD001296,奶酪
ORD001296,洗发水
ORD001296,钢化膜
ORD001297,鸡蛋
ORD001297,帽子
ORD001297,T恤
ORD001297,黄油
ORD001297,护发素
ORD001298,运动鞋
ORD001298,牙刷
ORD001298,T恤
ORD001298,牛仔裤
ORD001298,笔记本电脑
ORD001299,手机壳
ORD001299,笔记本电脑
ORD001299,牙膏
ORD001300,牛奶
ORD001301,牙刷
ORD001301,运动鞋
ORD001301,手机
ORD001301,鼠标
ORD001302,笔记本电脑
ORD001303,手机
ORD001303,面包
ORD001304,牙膏
ORD001304,手机
ORD001304,牛仔裤
ORD001304,牛奶
ORD001304,奶酪
ORD001305,鸡蛋
ORD001306,手机
ORD001306,洗发水
ORD001307,笔记本电脑
ORD001308,耳机
ORD001308,键盘
ORD001308,沐浴露
ORD001308,充电器
ORD001308,护发素
ORD001309,护发素
ORD001309,键盘
ORD001310,沐浴露
ORD001311,黄油
ORD001312,电脑包
ORD001312,奶酪
ORD001312,沐浴露
ORD001312,袜子
ORD001312,耳机
ORD001313,洗发水
ORD001313,键盘
ORD001313,充电器
ORD001313,护发素
ORD001313,牛仔裤
ORD001314,牙刷
ORD001314,袜子
ORD001314,面包
ORD001314,T恤
ORD001315,袜子
ORD001315,牛仔裤
ORD001315,帽子
ORD001315,运动鞋
ORD001316,手机
ORD001316,钢化膜
ORD001316,黄油
ORD001316,手机壳
ORD001316,牛仔裤
ORD001317,黄油
ORD001318,电脑包
ORD001318,钢化膜
ORD001318,沐浴露
ORD001318,袜子
ORD001318,充电器
ORD001319,手机
ORD001319,钢化膜
ORD001319,袜子
ORD001319,牛仔裤
ORD001319,鸡蛋
ORD001320,电脑包
ORD001320,手机壳
ORD001321,黄油
ORD001321,牙膏
ORD001321,运动鞋
ORD001321,键盘
ORD001322,帽子
ORD001323,鸡蛋
ORD001323,袜子
ORD001323,运动鞋
ORD001324,鼠标
ORD001324,充电器
ORD001324,护发素
ORD001324,沐浴露
ORD001325,奶酪
ORD001325,电脑包
ORD001325,散热器
ORD001325,牙膏
ORD001326,牛奶
ORD001327,手机壳
ORD001327,洗发水
ORD001327,帽子
ORD001328,黄油
ORD001328,手机壳
ORD001328,帽子
ORD001329,牙刷
ORD001330,手机
ORD001330,袜子
ORD001331,奶酪
ORD001331,牛仔裤
ORD001331,鸡蛋
ORD001332,T恤
ORD001332,笔记本电脑
ORD001333,面包
ORD001333,奶酪
ORD001334,沐浴露
ORD001334,牛仔裤
ORD001334,运动鞋
ORD001335,鼠标
ORD001335,耳机
ORD001335,键盘
ORD001336,鼠标
ORD001336,手机
ORD001336,键盘
ORD001337,牙膏
ORD001337,护发素
ORD001338,键盘
ORD001338,鼠标
ORD001338,耳机
ORD001338,护发素
ORD001338,袜子
ORD001339,牙刷
ORD001339,电脑包
ORD001339,沐浴露
ORD001339,T恤
ORD001340,笔记本电脑
ORD001341,袜子
ORD001341,牙刷
ORD001341,运动鞋
ORD001341,键盘
ORD001341,T恤
ORD001342,黄油
ORD001343,护发素
ORD001344,手机
ORD001344,袜子
ORD001344,洗发水
ORD001344,键盘
ORD001345,笔记本电脑
ORD001345,鸡蛋
ORD001345,黄油
ORD001345,牛奶
ORD001346,钢化膜
ORD001346,护发素
ORD001347,手机壳
ORD001347,钢化膜
ORD001348,牙刷
ORD001349,奶酪
ORD001349,手机
ORD001349,洗发水
ORD001349,钢化膜
ORD001350,鸡蛋
ORD001351,手机
ORD001352,黄油
ORD001352,充电器
ORD001352,牛仔裤
ORD001352,笔记本电脑
ORD001353,沐浴露
ORD001353,牙刷
ORD001353,电脑包
ORD001354,充电器
ORD001354,手机
ORD001355,黄油
ORD001355,钢化膜
ORD001356,笔记本电脑
ORD001356,黄油
ORD001356,洗发水
ORD001356,牙刷
ORD001356,T恤
ORD001357,袜子
ORD001357,手机
ORD001357,黄油
ORD001357,帽子
ORD001358,运动鞋
ORD001358,T恤
ORD001359,帽子
ORD001359,T恤
ORD001359,笔记本电脑
ORD001360,帽子
ORD001360,手机壳
ORD001361,黄油
ORD001361,帽子
ORD001361,散热器
ORD001361,沐浴露
ORD001362,手机壳
ORD001362,袜子
ORD001362,牛奶
ORD001363,牛奶
ORD001363,洗发水
ORD001364,键盘
ORD001364,运动鞋
ORD001364,护发素
ORD001364,黄油
ORD001364,牛仔裤
ORD001365,牛仔裤
ORD001366,运动鞋
ORD001366,洗发水
ORD001366,键盘
ORD001366,袜子
ORD001367,牛奶
ORD001367,键盘
ORD001367,牙膏
ORD001367,护发素
ORD001368,T恤
ORD001368,护发素
ORD001368,手机
ORD001368,牛仔裤
ORD001368,牙膏
ORD001369,手机
ORD001369,充电器
ORD001369,运动鞋
ORD001369,钢化膜
ORD001370,黄油
ORD001370,牛仔裤
ORD001370,洗发水
ORD001371,牛仔裤
ORD001371,散热器
ORD001371,洗发水
ORD001372,手机壳
ORD001372,鸡蛋
ORD001372,护发素
ORD001373,鼠标
ORD001373,电脑包
ORD001373,牙刷
ORD001373,牙膏
ORD001373,键盘
ORD001374,黄油
ORD001374,面包
ORD001374,耳机
ORD001375,运动鞋
ORD001376,沐浴露
ORD001377,钢化膜
ORD001377,鼠标
ORD001378,沐浴露
ORD001378,帽子
ORD001379,面包
ORD001379,笔记本电脑
ORD001379,袜子
ORD001379,牛奶
ORD001380,手机
ORD001380,牛奶
ORD001380,护发素
ORD001380,钢化膜
ORD001381,牛奶
ORD001381,T恤
ORD001382,钢化膜
ORD001382,电脑包
ORD001383,运动鞋
ORD001384,洗发水
ORD001384,帽子
ORD001384,T恤
ORD001384,手机
ORD001384,黄油
ORD001385,帽子
ORD001385,牛仔裤
ORD001385,袜子
ORD001386,键盘
ORD001386,手机壳
ORD001386,洗发水
ORD001386,护发素
ORD001387,洗发水
ORD001387,帽子
ORD001387,鼠标
ORD001388,手机壳
ORD001388,洗发水
ORD001389,沐浴露
ORD001389,充电器
ORD001390,护发素
ORD001390,牛仔裤
ORD001391,帽子
ORD001391,手机
ORD001392,耳机
ORD001392,键盘
ORD001392,钢化膜
ORD001392,牛奶
ORD001393,散热器
ORD001393,电脑包
ORD001393,沐浴露
ORD001393,牙刷
ORD001394,钢化膜
ORD001395,牙膏
ORD001395,散热器
ORD001395,牛奶
ORD001395,手机
ORD001395,沐浴露
ORD001396,帽子
ORD001397,洗发水
ORD001398,沐浴露
ORD001399,键盘
ORD001399,黄油
ORD001400,牙刷
ORD001400,牛奶
ORD001400,耳机
ORD001400,充电器
ORD001401,充电器
ORD001401,散热器
ORD001401,沐浴露
ORD001402,沐浴露
ORD001403,电脑包
ORD001403,手机
ORD001404,手机
ORD001404,护发素
ORD001404,散热器
ORD001405,黄油
ORD001405,袜子
ORD001405,洗发水
ORD001406,充电器
ORD001407,牙刷
ORD001408,帽子
ORD001408,钢化膜
ORD001408,面包
ORD001408,牙膏
ORD001409,笔记本电脑
ORD001409,牛奶
ORD001409,牛仔裤
ORD001409,手机
ORD001409,面包
ORD001410,T恤
ORD001410,手机
ORD001410,袜子
ORD001411,T恤
ORD001411,手机壳
ORD001411,电脑包
ORD001411,帽子
ORD001411,洗发水
ORD001412,键盘
ORD001412,黄油
ORD001413,帽子
ORD001413,黄油
ORD001413,袜子
ORD001414,T恤
ORD001414,沐浴露
ORD001414,手机壳
ORD001414,护发素
ORD001414,面包
ORD001415,沐浴露
ORD001415,鸡蛋
ORD001416,手机
ORD001416,笔记本电脑
ORD001416,键盘
ORD001417,手机
ORD001417,牛仔裤
ORD001418,T恤
ORD001418,充电器
ORD001418,散热器
ORD001418,手机
ORD001419,沐浴露
ORD001419,袜子
ORD001419,鸡蛋
ORD001420,护发素
ORD001420,充电器
ORD001420,奶酪
ORD001420,牛仔裤
ORD001421,奶酪
ORD001421,牛奶
ORD001421,T恤
ORD001421,洗发水
ORD001422,黄油
ORD001422,鼠标
ORD001422,手机壳
ORD001423,运动鞋
ORD001423,护发素
ORD001423,牙刷
ORD001424,护发素
ORD001424,沐浴露
ORD001424,鼠标
ORD001424,袜子
ORD001424,手机壳
ORD001425,护发素
ORD001425,笔记本电脑
ORD001425,帽子
ORD001426,键盘
ORD001427,牛奶
ORD001427,奶酪
ORD001427,耳机
ORD001428,黄油
ORD001428,手机
ORD001429,笔记本电脑
ORD001429,耳机
ORD001430,笔记本电脑
ORD001430,牙刷
ORD001430,钢化膜
ORD001430,洗发水
ORD001431,笔记本电脑
ORD001431,沐浴露
ORD001431,面包
ORD001431,洗发水
ORD001432,洗发水
ORD001433,面包
ORD001433,耳机
ORD001434,袜子
ORD001434,T恤
ORD001434,鼠标
ORD001435,运动鞋
ORD001436,鸡蛋
ORD001436,笔记本电脑
ORD001437,钢化膜
ORD001437,洗发水
ORD001438,牙膏
ORD001439,钢化膜
ORD001439,耳机
ORD001439,充电器
ORD001439,帽子
ORD001439,运动鞋
ORD001440,鼠标
ORD001440,手机
ORD001440,奶酪
ORD001440,袜子
ORD001441,鸡蛋
ORD001441,电脑包
ORD001441,护发素
ORD001442,手机壳
ORD001442,护发素
ORD001442,手机
ORD001442,钢化膜
ORD001442,沐浴露
ORD001443,手机
ORD001443,电脑包
ORD001443,鸡蛋
ORD001444,袜子
ORD001444,护发素
ORD001444,T恤
ORD001444,牙膏
ORD001445,面包
ORD001446,散热器
ORD001446,牛仔裤
ORD001446,鼠标
ORD001446,电脑包
ORD001446,手机壳
ORD001447,牙刷
ORD001447,面包
ORD001448,鼠标
ORD001448,奶酪
ORD001449,牙刷
ORD001449,面包
ORD001450,耳机
ORD001450,黄油
ORD001450,袜子
ORD001450,鸡蛋
ORD001451,牛奶
ORD001451,护发素
ORD001451,沐浴露
ORD001451,耳机
ORD001451,牛仔裤
ORD001452,T恤
ORD001453,牙膏
ORD001453,面包
ORD001453,奶酪
ORD001453,黄油
ORD001453,耳机
ORD001454,面包
ORD001455,奶酪
ORD001455,牙膏
ORD001455,耳机
ORD001455,T恤
ORD001456,袜子
ORD001457,帽子
ORD001457,鼠标
ORD001457,耳机
ORD001458,帽子
ORD001459,黄油
ORD001459,牛奶
ORD001459,帽子
ORD001459,鼠标
ORD001460,牛奶
ORD001461,鼠标
ORD001462,手机
ORD001462,运动鞋
ORD001462,牛奶
ORD001463,护发素
ORD001463,黄油
ORD001463,牙膏
ORD001464,牛奶
ORD001464,护发素
ORD001464,笔记本电脑
ORD001464,鸡蛋
ORD001465,沐浴露
ORD001465,黄油
ORD001465,手机壳
ORD001465,牙膏
ORD001466,牛仔裤
ORD001466,运动鞋
ORD001467,运动鞋
ORD001468,运动鞋
ORD001468,牙膏
ORD001469,牙膏
ORD001469,钢化膜
ORD001470,牛奶
ORD001470,手机
ORD001470,耳机
ORD001471,牛仔裤
ORD001471,面包
ORD001471,耳机
ORD001471,护发素
ORD001471,充电器
ORD001472,面包
ORD001472,袜子
ORD001472,钢化膜
ORD001472,奶酪
ORD001473,鸡蛋
ORD001473,运动鞋
ORD001473,鼠标
ORD001473,奶酪
ORD001474,奶酪
ORD001474,散热器
ORD001474,护发素
ORD001474,帽子
ORD001475,洗发水
ORD001475,护发素
ORD001475,电脑包
ORD001475,帽子
ORD001475,手机
ORD001476,牛仔裤
ORD001476,洗发水
ORD001476,牙刷
ORD001476,帽子
ORD001476,手机
ORD001477,黄油
ORD001477,牙膏
ORD001477,鼠标
ORD001477,耳机
ORD001477,鸡蛋
ORD001478,护发素
ORD001478,鸡蛋
ORD001478,帽子
ORD001478,鼠标
ORD001479,牛仔裤
ORD001479,护发素
ORD001479,帽子
ORD001479,牙膏
ORD001479,耳机
ORD001480,T恤
ORD001480,面包
ORD001480,沐浴露
ORD001480,鼠标
ORD001480,洗发水
ORD001481,帽子
ORD001481,钢化膜
ORD001481,充电器
ORD001481,鼠标
ORD001482,T恤
ORD001483,袜子
ORD001483,牙刷
ORD001484,鸡蛋
ORD001484,帽子
ORD001484,T恤
ORD001484,散热器
ORD001484,洗发水
ORD001485,牙刷
ORD001485,黄油
ORD001485,键盘
ORD001485,牛奶
ORD001485,运动鞋
ORD001486,牛奶
ORD001486,钢化膜
ORD001486,洗发水
ORD001487,手机
ORD001487,耳机
ORD001487,鼠标
ORD001487,笔记本电脑
ORD001488,洗发水
ORD001488,键盘
ORD001489,奶酪
ORD001489,牙膏
ORD001489,鸡蛋
ORD001489,面包
ORD001489,牛奶
ORD001490,面包
ORD001490,黄油
ORD001490,帽子
ORD001490,充电器
ORD001491,运动鞋
ORD001492,牛仔裤
ORD001493,沐浴露
ORD001493,键盘
ORD001493,散热器
ORD001494,袜子
ORD001494,T恤
ORD001494,电脑包
ORD001494,键盘
ORD001495,手机壳
ORD001495,牙膏
ORD001495,笔记本电脑
ORD001495,帽子
ORD001496,运动鞋
ORD001496,黄油
ORD001496,充电器
ORD001496,洗发水
ORD001496,奶酪
ORD001497,充电器
ORD001497,面包
ORD001498,护发素
ORD001499,牙刷
ORD001499,黄油
ORD001500,鸡蛋
ORD001500,牛奶
ORD001501,奶酪
ORD001501,电脑包
ORD001501,钢化膜
ORD001502,袜子
ORD001502,手机
ORD001502,牙刷
ORD001502,帽子
ORD001503,牙膏
ORD001503,运动鞋
ORD001503,手机
ORD001504,键盘
ORD001504,牛奶
ORD001504,散热器
ORD001505,护发素
ORD001505,T恤
ORD001505,沐浴露
ORD001506,电脑包
ORD001506,手机
ORD001506,耳机
ORD001506,面包
ORD001506,黄油
ORD001507,充电器
ORD001507,鸡蛋
ORD001507,手机
ORD001507,洗发水
ORD001508,钢化膜
ORD001508,牛仔裤
ORD001508,帽子
ORD001509,手机壳
ORD001509,袜子
ORD001509,充电器
ORD001509,鼠标
ORD001509,沐浴露
ORD001510,奶酪
ORD001510,鸡蛋
ORD001510,运动鞋
ORD001511,鼠标
ORD001511,面包
ORD001511,手机
ORD001511,黄油
ORD001511,电脑包
ORD001512,电脑包
ORD001512,牙膏
ORD001513,袜子
ORD001513,面包
ORD001513,散热器
ORD001513,手机壳
ORD001514,牙膏
ORD001514,散热器
ORD001515,袜子
ORD001515,耳机
ORD001515,牛奶
ORD001515,鼠标
ORD001516,手机壳
ORD001516,沐浴露
ORD001517,牙膏
ORD001518,洗发水
ORD001518,奶酪
ORD001518,电脑包
ORD001518,手机壳
ORD001519,牙刷
ORD001519,充电器
ORD001520,沐浴露
ORD001520,充电器
ORD001520,耳机
ORD001520,牛奶
ORD001520,手机
ORD001521,牛仔裤
ORD001521,笔记本电脑
ORD001521,鸡蛋
ORD001522,牙膏
ORD001522,手机
ORD001523,牙膏
ORD001523,充电器
ORD001523,牛仔裤
ORD001523,袜子
ORD001524,牙膏
ORD001524,牛奶
ORD001524,牙刷
ORD001525,牛奶
ORD001525,牙膏
ORD001525,牙刷
ORD001525,键盘
ORD001525,鼠标
ORD001526,散热器
ORD001526,运动鞋
ORD001526,帽子
ORD001527,袜子
ORD001527,手机壳
ORD001527,手机
ORD001528,充电器
ORD001529,牛奶
ORD001529,运动鞋
ORD001530,充电器
ORD001530,洗发水
ORD001531,护发素
ORD001531,键盘
ORD001531,笔记本电脑
ORD001531,沐浴露
ORD001531,电脑包
ORD001532,帽子
ORD001532,鼠标
ORD001532,鸡蛋
ORD001532,笔记本电脑
ORD001532,充电器
ORD001533,鸡蛋
ORD001533,键盘
ORD001534,充电器
ORD001534,牙刷
ORD001534,电脑包
ORD001534,袜子
ORD001535,牛奶
ORD001535,奶酪
ORD001535,面包
ORD001535,帽子
ORD001536,牙膏
ORD001537,牙刷
ORD001537,手机壳
ORD001538,牛奶
ORD001538,T恤
ORD001538,鸡蛋
ORD001539,牛奶
ORD001539,手机壳
ORD001539,帽子
ORD001539,黄油
ORD001539,牙刷
ORD001540,牙膏
ORD001540,电脑包
ORD001540,牛奶
ORD001540,鼠标
ORD001541,充电器
ORD001541,黄油
ORD001542,帽子
ORD001542,鸡蛋
ORD001542,耳机
ORD001542,牙刷
ORD001542,充电器
ORD001543,充电器
ORD001543,奶酪
ORD001544,手机
ORD001544,奶酪
ORD001544,袜子
ORD001545,运动鞋
ORD001545,牙膏
ORD001546,面包
ORD001546,帽子
ORD001546,奶酪
ORD001546,袜子
ORD001546,充电器
ORD001547,钢化膜
ORD001547,鸡蛋
ORD001547,散热器
ORD001548,牙刷
ORD001549,洗发水
ORD001550,手机壳
ORD001550,沐浴露
ORD001550,袜子
ORD001551,黄油
ORD001551,散热器
ORD001551,面包
ORD001552,T恤
ORD001553,牛奶
ORD001553,帽子
ORD001553,牙刷
ORD001553,牙膏
ORD001554,电脑包
ORD001554,沐浴露
ORD001554,鸡蛋
ORD001554,手机壳
ORD001554,牙膏
ORD001555,面包
ORD001555,护发素
ORD001555,手机
ORD001556,牛仔裤
ORD001556,牙膏
ORD001556,护发素
ORD001556,沐浴露
ORD001556,散热器
ORD001557,洗发水
ORD001557,充电器
ORD001557,牙刷
ORD001557,帽子
ORD001558,手机壳
ORD001558,钢化膜
ORD001558,鼠标
ORD001558,黄油
ORD001558,手机
ORD001559,沐浴露
ORD001559,T恤
ORD001559,袜子
ORD001559,鼠标
ORD001560,沐浴露
ORD001560,护发素
ORD001560,手机壳
ORD001561,手机
ORD001561,钢化膜
ORD001561,洗发水
ORD001562,奶酪
ORD001562,牛奶
ORD001562,笔记本电脑
ORD001562,洗发水
ORD001563,黄油
ORD001564,鸡蛋
ORD001564,牛奶
ORD001565,电脑包
ORD001565,钢化膜
ORD001565,T恤
ORD001565,散热器
ORD001566,帽子
ORD001566,牛仔裤
ORD001566,散热器
ORD001566,牛奶
ORD001567,黄油
ORD001567,牙刷
ORD001567,面包
ORD001568,沐浴露
ORD001569,护发素
ORD001570,鼠标
ORD001570,奶酪
ORD001570,鸡蛋
ORD001570,牛奶
ORD001570,护发素
ORD001571,洗发水
ORD001571,电脑包
ORD001571,牛奶
ORD001571,运动鞋
ORD001571,护发素
ORD001572,运动鞋
ORD001572,帽子
ORD001572,鼠标
ORD001573,运动鞋
ORD001574,T恤
ORD001574,面包
ORD001574,手机壳
ORD001574,钢化膜
ORD001574,沐浴露
ORD001575,帽子
ORD001576,奶酪
ORD001576,牛仔裤
ORD001577,手机
ORD001577,袜子
ORD001577,耳机
ORD001577,T恤
ORD001577,笔记本电脑
ORD001578,洗发水
ORD001578,耳机
ORD001578,袜子
ORD001579,运动鞋
ORD001579,笔记本电脑
ORD001579,电脑包
ORD001579,面包
ORD001579,黄油
ORD001580,奶酪
ORD001580,沐浴露
ORD001580,充电器
ORD001580,手机
ORD001580,面包
ORD001581,鼠标
ORD001581,电脑包
ORD001581,奶酪
ORD001581,手机
ORD001581,牙刷
ORD001582,护发素
ORD001582,牛仔裤
ORD001582,鸡蛋
ORD001583,牛仔裤
ORD001583,牙膏
ORD001583,键盘
ORD001583,牙刷
ORD001584,沐浴露
ORD001584,牙膏
ORD001584,面包
ORD001584,键盘
ORD001585,电脑包
ORD001586,牙膏
ORD001586,鸡蛋
ORD001586,钢化膜
ORD001587,奶酪
ORD001587,牙膏
ORD001587,电脑包
ORD001588,T恤
ORD001588,笔记本电脑
ORD001588,洗发水
ORD001588,牙膏
ORD001588,袜子
ORD001589,牛仔裤
ORD001589,面包
ORD001589,鸡蛋
ORD001589,牛奶
ORD001590,T恤
ORD001590,键盘
ORD001590,洗发水
ORD001591,T恤
ORD001591,洗发水
ORD001592,牛仔裤
ORD001592,手机壳
ORD001593,键盘
ORD001594,沐浴露
ORD001594,散热器
ORD001595,鼠标
ORD001595,牛仔裤
ORD001595,电脑包
ORD001595,黄油
ORD001596,耳机
ORD001596,黄油
ORD001596,笔记本电脑
ORD001596,牙刷
ORD001596,护发素
ORD001597,运动鞋
ORD001598,牛奶
ORD001599,T恤
ORD001599,耳机
ORD001599,面包
ORD001599,手机
ORD001599,键盘
ORD001600,T恤
ORD001600,鼠标
ORD001600,钢化膜
ORD001600,充电器
ORD001601,电脑包
ORD001601,键盘
ORD001601,帽子
ORD001602,鸡蛋
ORD001602,帽子
ORD001602,洗发水
ORD001602,牛仔裤
ORD001602,手机壳
ORD001603,散热器
ORD001603,牛奶
ORD001603,鼠标
ORD001603,牙刷
ORD001604,洗发水
ORD001604,奶酪
ORD001604,鸡蛋
ORD001605,钢化膜
ORD001606,沐浴露
ORD001606,电脑包
ORD001607,鼠标
ORD001607,鸡蛋
ORD001607,T恤
ORD001608,洗发水
ORD001608,散热器
ORD001608,充电器
ORD001608,笔记本电脑
ORD001609,鸡蛋
ORD001609,奶酪
ORD001609,手机壳
ORD001609,牙刷
ORD001610,牛仔裤
ORD001610,手机
ORD001610,运动鞋
ORD001610,奶酪
ORD001610,沐浴露
ORD001611,牙刷
ORD001611,笔记本电脑
ORD001612,手机
ORD001612,充电器
ORD001612,鼠标
ORD001612,钢化膜
ORD001612,黄油
ORD001613,牙膏
ORD001613,手机
ORD001613,牙刷
ORD001614,手机
ORD001614,牛奶
ORD001614,奶酪
ORD001615,键盘
ORD001616,散热器
ORD001616,耳机
ORD001616,洗发水
ORD001616,面包
ORD001616,牙刷
ORD001617,牙刷
ORD001617,充电器
ORD001617,黄油
ORD001618,充电器
ORD001618,沐浴露
ORD001618,耳机
ORD001618,手机
ORD001618,钢化膜
ORD001619,牛仔裤
ORD001619,洗发水
ORD001619,牙刷
ORD001619,帽子
ORD001620,笔记本电脑
ORD001620,充电器
ORD001620,帽子
ORD001621,面包
ORD001621,牙膏
ORD001621,钢化膜
ORD001621,牙刷
ORD001622,T恤
ORD001623,牙刷
ORD001623,黄油
ORD001624,护发素
ORD001625,散热器
ORD001626,袜子
ORD001627,散热器
ORD001627,手机壳
ORD001628,耳机
ORD001628,洗发水
ORD001628,键盘
ORD001628,袜子
ORD001628,鸡蛋
ORD001629,牛仔裤
ORD001629,散热器
ORD001629,牙刷
ORD001629,面包
ORD001629,袜子
ORD001630,手机
ORD001631,鼠标
ORD001631,牙膏
ORD001632,沐浴露
ORD001633,面包
ORD001633,充电器
ORD001633,袜子
ORD001633,沐浴露
ORD001634,牛仔裤
ORD001634,奶酪
ORD001635,键盘
ORD001635,钢化膜
ORD001635,牛仔裤
ORD001635,耳机
ORD001636,护发素
ORD001636,耳机
ORD001637,鸡蛋
ORD001637,袜子
ORD001637,T恤
ORD001637,黄油
ORD001637,帽子
ORD001638,牙膏
ORD001638,鼠标
ORD001639,牙膏
ORD001640,钢化膜
ORD001640,帽子
ORD001640,鸡蛋
ORD001641,钢化膜
ORD001641,充电器
ORD001642,电脑包
ORD001642,洗发水
ORD001642,耳机
ORD001642,手机壳
ORD001642,奶酪
ORD001643,鸡蛋
ORD001643,T恤
ORD001643,牙膏
ORD001643,沐浴露
ORD001644,牙膏
ORD001644,帽子
ORD001644,护发素
ORD001644,黄油
ORD001645,鼠标
ORD001645,奶酪
ORD001646,牙刷
ORD001646,手机
ORD001647,鸡蛋
ORD001647,面包
ORD001647,散热器
ORD001648,充电器
ORD001648,手机壳
ORD001648,护发素
ORD001648,电脑包
ORD001648,散热器
ORD001649,牛仔裤
ORD001649,面包
ORD001650,洗发水
ORD001650,耳机
ORD001650,牛奶
ORD001650,沐浴露
ORD001650,黄油
ORD001651,奶酪
ORD001652,耳机
ORD001652,充电器
ORD001653,鸡蛋
ORD001653,袜子
ORD001653,T恤
ORD001654,鼠标
ORD001654,鸡蛋
ORD001654,帽子
ORD001654,牙膏
ORD001654,黄油
ORD001655,沐浴露
ORD001656,牛奶
ORD001656,钢化膜
ORD001656,洗发水
ORD001657,奶酪
ORD001657,笔记本电脑
ORD001657,充电器
ORD001657,牛仔裤
ORD001657,钢化膜
ORD001658,牙膏
ORD001659,面包
ORD001659,充电器
ORD001659,手机壳
ORD001659,黄油
ORD001659,耳机
ORD001660,电脑包
ORD001660,钢化膜
ORD001660,笔记本电脑
ORD001660,键盘
ORD001660,耳机
ORD001661,钢化膜
ORD001661,散热器
ORD001661,鼠标
ORD001661,袜子
ORD001661,手机壳
ORD001662,牙刷
ORD001662,运动鞋
ORD001662,帽子
ORD001663,洗发水
ORD001663,运动鞋
ORD001663,电脑包
ORD001664,奶酪
ORD001664,面包
ORD001665,护发素
ORD001665,帽子
ORD001666,耳机
ORD001666,洗发水
ORD001666,T恤
ORD001667,帽子
ORD001668,钢化膜
ORD001669,牛仔裤
ORD001669,手机壳
ORD001669,面包
ORD001669,奶酪
ORD001670,洗发水
ORD001670,牙膏
ORD001670,鸡蛋
ORD001670,耳机
ORD001671,面包
ORD001671,手机壳
ORD001671,牙膏
ORD001671,黄油
ORD001672,面包
ORD001673,手机
ORD001673,充电器
ORD001673,面包
ORD001673,鼠标
ORD001673,耳机
ORD001674,鸡蛋
ORD001674,电脑包
ORD001675,面包
ORD001675,洗发水
ORD001675,牛奶
ORD001676,牛仔裤
ORD001676,键盘
ORD001676,T恤
ORD001677,散热器
ORD001677,手机壳
ORD001677,T恤
ORD001677,沐浴露
ORD001677,键盘
ORD001678,奶酪
ORD001678,洗发水
ORD001678,手机
ORD001679,面包
ORD001679,手机
ORD001679,笔记本电脑
ORD001679,手机壳
ORD001679,鸡蛋
ORD001680,面包
ORD001680,牛仔裤
ORD001680,运动鞋
ORD001680,鸡蛋
ORD001680,笔记本电脑
ORD001681,牛奶
ORD001681,洗发水
ORD001681,黄油
ORD001682,护发素
ORD001683,手机
ORD001683,鼠标
ORD001683,护发素
ORD001683,笔记本电脑
ORD001684,耳机
ORD001684,牛仔裤
ORD001684,面包
ORD001685,运动鞋
ORD001686,耳机
ORD001686,帽子
ORD001686,护发素
ORD001686,手机
ORD001686,电脑包
ORD001687,牛仔裤
ORD001687,鼠标
ORD001688,护发素
ORD001688,充电器
ORD001688,面包
ORD001688,黄油
ORD001688,奶酪
ORD001689,黄油
ORD001689,面包
ORD001689,散热器
ORD001690,耳机
ORD001690,鼠标
ORD001690,电脑包
ORD001691,牙膏
ORD001691,袜子
ORD001691,面包
ORD001691,洗发水
ORD001691,沐浴露
ORD001692,运动鞋
ORD001693,奶酪
ORD001693,牙膏
ORD001693,T恤
ORD001693,鼠标
ORD001694,牛仔裤
ORD001695,沐浴露
ORD001695,鸡蛋
ORD001696,钢化膜
ORD001696,护发素
ORD001696,帽子
ORD001696,键盘
ORD001697,钢化膜
ORD001697,护发素
ORD001697,笔记本电脑
ORD001697,手机壳
ORD001697,耳机
ORD001698,耳机
ORD001698,手机壳
ORD001698,面包
ORD001699,黄油
ORD001699,键盘
ORD001699,散热器
ORD001700,面包
ORD001700,袜子
ORD001700,鼠标
ORD001700,笔记本电脑
ORD001701,耳机
ORD001701,牛仔裤
ORD001701,奶酪
ORD001701,鼠标
ORD001702,T恤
ORD001703,护发素
ORD001703,散热器
ORD001703,鸡蛋
ORD001704,手机壳
ORD001704,T恤
ORD001704,面包
ORD001705,黄油
ORD001705,奶酪
ORD001705,钢化膜
ORD001705,运动鞋
ORD001706,护发素
ORD001707,沐浴露
ORD001708,手机
ORD001708,帽子
ORD001708,键盘
ORD001708,面包
ORD001708,耳机
ORD001709,键盘
ORD001709,T恤
ORD001709,充电器
ORD001710,电脑包
ORD001710,手机
ORD001710,键盘
ORD001711,牛奶
ORD001711,牛仔裤
ORD001711,帽子
ORD001711,黄油
ORD001712,奶酪
ORD001713,钢化膜
ORD001713,黄油
ORD001713,牛奶
ORD001713,键盘
ORD001714,洗发水
ORD001714,帽子
ORD001715,鼠标
ORD001715,面包
ORD001715,洗发水
ORD001715,散热器
ORD001715,钢化膜
ORD001716,帽子
ORD001716,手机
ORD001716,沐浴露
ORD001717,洗发水
ORD001718,键盘
ORD001718,耳机
ORD001719,充电器
ORD001720,手机
ORD001721,钢化膜
ORD001721,牛奶
ORD001721,洗发水
ORD001721,手机
ORD001721,鸡蛋
ORD001722,袜子
ORD001722,牙刷
ORD001722,牛仔裤
ORD001722,面包
ORD001722,黄油
ORD001723,黄油
ORD001723,钢化膜
ORD001723,护发素
ORD001724,牛仔裤
ORD001725,牙膏
ORD001725,面包
ORD001725,黄油
ORD001725,耳机
ORD001725,洗发水
ORD001726,黄油
ORD001726,耳机
ORD001727,牛奶
ORD001727,帽子
ORD001727,洗发水
ORD001727,牙膏
ORD001728,牛奶
ORD001728,手机壳
ORD001728,牙膏
ORD001728,奶酪
ORD001728,牙刷
ORD001729,笔记本电脑
ORD001729,袜子
ORD001729,键盘
ORD001730,充电器
ORD001731,面包
ORD001731,笔记本电脑
ORD001731,电脑包
ORD001732,沐浴露
ORD001732,键盘
ORD001733,洗发水
ORD001733,沐浴露
ORD001733,手机壳
ORD001733,护发素
ORD001734,鸡蛋
ORD001734,运动鞋
ORD001735,沐浴露
ORD001735,键盘
ORD001736,袜子
ORD001736,钢化膜
ORD001736,耳机
ORD001736,奶酪
ORD001736,沐浴露
ORD001737,笔记本电脑
ORD001737,鸡蛋
ORD001737,T恤
ORD001737,奶酪
ORD001738,牙膏
ORD001738,运动鞋
ORD001738,洗发水
ORD001738,耳机
ORD001738,手机
ORD001739,面包
ORD001739,牛仔裤
ORD001739,牙膏
ORD001739,鸡蛋
ORD001740,T恤
ORD001740,鼠标
ORD001740,牙膏
ORD001741,电脑包
ORD001741,鸡蛋
ORD001741,黄油
ORD001742,面包
ORD001743,耳机
ORD001744,运动鞋
ORD001744,充电器
ORD001745,牙刷
ORD001745,鸡蛋
ORD001746,手机壳
ORD001747,手机
ORD001747,帽子
ORD001747,鸡蛋
ORD001747,黄油
ORD001747,充电器
ORD001748,充电器
ORD001748,鸡蛋
ORD001748,沐浴露
ORD001748,帽子
ORD001748,运动鞋
ORD001749,沐浴露
ORD001749,面包
ORD001749,鸡蛋
ORD001749,牛奶
ORD001749,袜子
ORD001750,耳机
ORD001750,运动鞋
ORD001750,钢化膜
ORD001750,充电器
ORD001750,奶酪
ORD001751,散热器
ORD001751,充电器
ORD001751,钢化膜
ORD001751,袜子
ORD001752,运动鞋
ORD001753,手机壳
ORD001753,牙刷
ORD001753,手机
ORD001754,手机壳
ORD001754,电脑包
ORD001754,奶酪
ORD001754,牙刷
ORD001754,沐浴露
ORD001755,手机壳
ORD001756,袜子
ORD001756,黄油
ORD001757,电脑包
ORD001757,牛仔裤
ORD001757,沐浴露
ORD001757,鼠标
ORD001757,袜子
ORD001758,耳机
ORD001758,洗发水
ORD001758,钢化膜
ORD001758,帽子
ORD001758,键盘
ORD001759,笔记本电脑
ORD001759,钢化膜
ORD001759,帽子
ORD001760,充电器
ORD001760,沐浴露
ORD001761,牙刷
ORD001761,牙膏
ORD001761,运动鞋
ORD001762,充电器
ORD001762,沐浴露
ORD001762,帽子
ORD001763,钢化膜
ORD001763,牙膏
ORD001763,充电器
ORD001763,散热器
ORD001764,洗发水
ORD001764,散热器
ORD001764,手机壳
ORD001764,运动鞋
ORD001765,洗发水
ORD001765,笔记本电脑
ORD001766,散热器
ORD001767,键盘
ORD001767,充电器
ORD001767,鸡蛋
ORD001767,耳机
ORD001768,鸡蛋
ORD001769,沐浴露
ORD001769,耳机
ORD001769,牛奶
ORD001769,牛仔裤
ORD001769,键盘
ORD001770,T恤
ORD001770,护发素
ORD001770,钢化膜
ORD001770,帽子
ORD001770,耳机
ORD001771,充电器
ORD001771,袜子
ORD001772,键盘
ORD001772,洗发水
ORD001772,鸡蛋
ORD001772,笔记本电脑
ORD001773,奶酪
ORD001774,沐浴露
ORD001774,钢化膜
ORD001775,牛仔裤
ORD001775,牛奶
ORD001776,鸡蛋
ORD001776,散热器
ORD001776,牛仔裤
ORD001777,笔记本电脑
ORD001777,奶酪
ORD001777,牛奶
ORD001777,面包
ORD001778,奶酪
ORD001778,牛奶
ORD001778,手机
ORD001779,笔记本电脑
ORD001779,帽子
ORD001779,耳机
ORD001779,手机壳
ORD001780,钢化膜
ORD001780,鸡蛋
ORD001780,运动鞋
ORD001780,奶酪
ORD001781,电脑包
ORD001781,牛奶
ORD001782,充电器
ORD001782,散热器
ORD001783,手机壳
ORD001783,洗发水
ORD001783,充电器
ORD001783,耳机
ORD001783,护发素
ORD001784,奶酪
ORD001784,牙刷
ORD001784,T恤
ORD001784,鼠标
ORD001784,散热器
ORD001785,护发素
ORD001785,牙膏
ORD001785,散热器
ORD001785,耳机
ORD001786,电脑包
ORD001786,黄油
ORD001786,手机
ORD001786,散热器
ORD001787,鼠标
ORD001787,面包
ORD001787,手机壳
ORD001787,帽子
ORD001788,袜子
ORD001789,T恤
ORD001789,笔记本电脑
ORD001789,帽子
ORD001790,帽子
ORD001790,钢化膜
ORD001790,键盘
ORD001790,鸡蛋
ORD001791,面包
ORD001791,电脑包
ORD001791,牛奶
ORD001792,电脑包
ORD001793,牙膏
ORD001793,护发素
ORD001793,运动鞋
ORD001793,牙刷
ORD001793,充电器
ORD001794,牙刷
ORD001794,笔记本电脑
ORD001794,护发素
ORD001795,袜子
ORD001795,运动鞋
ORD001795,耳机
ORD001795,帽子
ORD001796,奶酪
ORD001796,钢化膜
ORD001796,牙膏
ORD001797,牙刷
ORD001797,牛仔裤
ORD001797,键盘
ORD001797,鼠标
ORD001797,牛奶
ORD001798,牙膏
ORD001798,钢化膜
ORD001798,鼠标
ORD001799,充电器
ORD001799,牛仔裤
ORD001799,牙膏
ORD001799,钢化膜
ORD001800,帽子
ORD001800,手机壳
ORD001800,沐浴露
ORD001800,运动鞋
ORD001801,护发素
ORD001801,鸡蛋
ORD001801,耳机
ORD001801,散热器
ORD001801,钢化膜
ORD001802,耳机
ORD001802,运动鞋
ORD001802,钢化膜
ORD001803,护发素
ORD001804,黄油
ORD001805,运动鞋
ORD001806,手机
ORD001806,洗发水
ORD001806,笔记本电脑
ORD001807,鼠标
ORD001807,笔记本电脑
ORD001807,护发素
ORD001808,沐浴露
ORD001808,牛奶
ORD001808,鸡蛋
ORD001808,面包
ORD001809,键盘
ORD001809,洗发水
ORD001809,帽子
ORD001810,手机
ORD001810,沐浴露
ORD001810,面包
ORD001810,帽子
ORD001811,充电器
ORD001811,牙刷
ORD001812,键盘
ORD001812,牛仔裤
ORD001812,牙刷
ORD001812,袜子
ORD001813,充电器
ORD001813,洗发水
ORD001814,鸡蛋
ORD001814,散热器
ORD001815,牙刷
ORD001815,手机
ORD001815,耳机
ORD001816,鼠标
ORD001816,袜子
ORD001817,键盘
ORD001817,黄油
ORD001817,牛仔裤
ORD001818,钢化膜
ORD001818,运动鞋
ORD001818,奶酪
ORD001818,牙刷
ORD001819,牙膏
ORD001819,耳机
ORD001819,奶酪
ORD001819,牛仔裤
ORD001820,钢化膜
ORD001820,运动鞋
ORD001820,牙膏
ORD001820,充电器
ORD001821,护发素
ORD001821,钢化膜
ORD001822,耳机
ORD001822,散热器
ORD001822,键盘
ORD001823,奶酪
ORD001824,耳机
ORD001824,袜子
ORD001824,帽子
ORD001824,钢化膜
ORD001824,鸡蛋
ORD001825,键盘
ORD001825,牛仔裤
ORD001825,T恤
ORD001825,黄油
ORD001826,牙刷
ORD001827,T恤
ORD001827,袜子
ORD001827,手机
ORD001828,手机
ORD001829,手机
ORD001829,袜子
ORD001829,电脑包
ORD001829,奶酪
ORD001829,鸡蛋
ORD001830,手机壳
ORD001830,电脑包
ORD001830,散热器
ORD001831,牙膏
ORD001831,手机
ORD001832,洗发水
ORD001832,电脑包
ORD001832,帽子
ORD001833,牙膏
ORD001834,钢化膜
ORD001834,黄油
ORD001834,面包
ORD001835,奶酪
ORD001835,沐浴露
ORD001835,黄油
ORD001836,手机
ORD001837,手机
ORD001838,护发素
ORD001838,鼠标
ORD001838,耳机
ORD001838,充电器
ORD001838,牛仔裤
ORD001839,电脑包
ORD001839,护发素
ORD001839,T恤
ORD001839,牛奶
ORD001840,鸡蛋
ORD001840,黄油
ORD001840,鼠标
ORD001840,洗发水
ORD001840,耳机
ORD001841,帽子
ORD001841,面包
ORD001841,牙刷
ORD001841,电脑包
ORD001842,鸡蛋
ORD001842,手机
ORD001842,钢化膜
ORD001843,洗发水
ORD001843,奶酪
ORD001844,牛奶
ORD001844,帽子
ORD001845,牛仔裤
ORD001845,黄油
ORD001845,T恤
ORD001845,运动鞋
ORD001845,鸡蛋
ORD001846,奶酪
ORD001846,钢化膜
ORD001846,键盘
ORD001846,牙膏
ORD001847,沐浴露
ORD001847,面包
ORD001847,牛仔裤
ORD001848,黄油
ORD001848,笔记本电脑
ORD001848,充电器
ORD001848,电脑包
ORD001848,洗发水
ORD001849,沐浴露
ORD001849,散热器
ORD001850,笔记本电脑
ORD001850,键盘
ORD001851,黄油
ORD001851,键盘
ORD001852,帽子
ORD001852,洗发水
ORD001852,手机壳
ORD001852,沐浴露
ORD001852,电脑包
ORD001853,沐浴露
ORD001854,手机壳
ORD001854,电脑包
ORD001854,奶酪
ORD001854,充电器
ORD001855,牛仔裤
ORD001855,沐浴露
ORD001855,手机壳
ORD001855,充电器
ORD001856,袜子
ORD001856,T恤
ORD001856,沐浴露
ORD001856,鼠标
ORD001857,充电器
ORD001857,T恤
ORD001857,散热器
ORD001857,键盘
ORD001857,运动鞋
ORD001858,帽子
ORD001858,钢化膜
ORD001859,袜子
ORD001859,散热器
ORD001860,黄油
ORD001860,面包
ORD001860,笔记本电脑
ORD001861,洗发水
ORD001861,黄油
ORD001861,牙刷
ORD001861,手机壳
ORD001862,护发素
ORD001862,手机
ORD001862,牙刷
ORD001862,手机壳
ORD001862,键盘
ORD001863,帽子
ORD001863,面包
ORD001863,护发素
ORD001864,奶酪
ORD001864,牙刷
ORD001864,T恤
ORD001865,洗发水
ORD001865,面包
ORD001866,牙膏
ORD001866,散热器
ORD001866,手机壳
ORD001866,黄油
ORD001866,钢化膜
ORD001867,帽子
ORD001867,沐浴露
ORD001867,牙刷
ORD001868,手机壳
ORD001868,奶酪
ORD001868,电脑包
ORD001869,袜子
ORD001869,护发素
ORD001869,钢化膜
ORD001869,手机壳
ORD001869,洗发水
ORD001870,牙膏
ORD001870,沐浴露
ORD001870,牙刷
ORD001870,面包
ORD001871,袜子
ORD001871,牙刷
ORD001871,牙膏
ORD001872,护发素
ORD001872,奶酪
ORD001872,笔记本电脑
ORD001873,散热器
ORD001873,手机壳
ORD001873,面包
ORD001874,护发素
ORD001875,牛仔裤
ORD001875,鸡蛋
ORD001875,帽子
ORD001876,沐浴露
ORD001876,手机
ORD001876,护发素
ORD001876,鸡蛋
ORD001876,牙膏
ORD001877,奶酪
ORD001877,黄油
ORD001878,牛奶
ORD001879,牛仔裤
ORD001879,键盘
ORD001880,散热器
ORD001880,钢化膜
ORD001880,手机
ORD001881,电脑包
ORD001881,鼠标
ORD001882,手机壳
ORD001882,充电器
ORD001882,沐浴露
ORD001882,牙刷
ORD001882,手机
ORD001883,牙刷
ORD001883,牛仔裤
ORD001884,手机
ORD001884,散热器
ORD001885,鼠标
ORD001885,护发素
ORD001885,帽子
ORD001885,手机
ORD001885,散热器
ORD001886,牙刷
ORD001886,T恤
ORD001886,袜子
ORD001886,钢化膜
ORD001886,牛仔裤
ORD001887,牛仔裤
ORD001888,面包
ORD001888,鼠标
ORD001888,奶酪
ORD001888,帽子
ORD001889,面包
ORD001889,运动鞋
ORD001890,笔记本电脑
ORD001891,牛奶
ORD001891,沐浴露
ORD001892,牛仔裤
ORD001892,电脑包
ORD001893,牙膏
ORD001893,奶酪
ORD001893,牙刷
ORD001893,鼠标
ORD001894,帽子
ORD001894,手机壳
ORD001894,充电器
ORD001894,沐浴露
ORD001895,奶酪
ORD001895,运动鞋
ORD001895,手机壳
ORD001895,面包
ORD001895,耳机
ORD001896,沐浴露
ORD001897,耳机
ORD001897,黄油
ORD001897,钢化膜
ORD001897,牛仔裤
ORD001898,钢化膜
ORD001898,面包
ORD001898,手机壳
ORD001898,牙刷
ORD001898,运动鞋
ORD001899,手机
ORD001899,散热器
ORD001899,帽子
ORD001899,T恤
ORD001899,鸡蛋
ORD001900,键盘
ORD001900,钢化膜
ORD001900,笔记本电脑
ORD001900,鼠标
ORD001900,鸡蛋
ORD001901,沐浴露
ORD001902,袜子
ORD001902,面包
ORD001902,护发素
ORD001902,笔记本电脑
ORD001902,黄油
ORD001903,面包
ORD001903,奶酪
ORD001903,黄油
ORD001903,运动鞋
ORD001903,充电器
ORD001904,钢化膜
ORD001904,T恤
ORD001904,电脑包
ORD001905,面包
ORD001906,键盘
ORD001906,牛奶
ORD001907,牛奶
ORD001907,T恤
ORD001907,鼠标
ORD001907,袜子
ORD001907,耳机
ORD001908,黄油
ORD001908,牛仔裤
ORD001908,洗发水
ORD001909,手机
ORD001910,牛奶
ORD001910,面包
ORD001910,牛仔裤
ORD001910,手机
ORD001910,T恤
ORD001911,运动鞋
ORD001911,T恤
ORD001912,笔记本电脑
ORD001912,电脑包
ORD001913,牛仔裤
ORD001913,沐浴露
ORD001914,奶酪
ORD001914,护发素
ORD001914,充电器
ORD001914,牛奶
ORD001915,钢化膜
ORD001915,鸡蛋
ORD001916,黄油
ORD001916,运动鞋
ORD001917,电脑包
ORD001917,牙膏
ORD001917,T恤
ORD001918,护发素
ORD001918,洗发水
ORD001919,洗发水
ORD001919,牛仔裤
ORD001919,钢化膜
ORD001919,手机
ORD001920,运动鞋
ORD001920,充电器
ORD001920,钢化膜
ORD001920,T恤
ORD001920,牙膏
ORD001921,帽子
ORD001921,鸡蛋
ORD001921,护发素
ORD001922,鼠标
ORD001922,电脑包
ORD001922,奶酪
ORD001922,散热器
ORD001923,面包
ORD001923,牙刷
ORD001923,牙膏
ORD001924,牛仔裤
ORD001925,护发素
ORD001925,笔记本电脑
ORD001925,鸡蛋
ORD001926,键盘
ORD001926,手机壳
ORD001926,帽子
ORD001927,面包
ORD001927,牛奶
ORD001927,手机壳
ORD001928,散热器
ORD001928,T恤
ORD001929,洗发水
ORD001929,耳机
ORD001929,钢化膜
ORD001929,手机
ORD001929,牙刷
ORD001930,黄油
ORD001930,鼠标
ORD001930,手机壳
ORD001930,沐浴露
ORD001930,牙膏
ORD001931,笔记本电脑
ORD001932,笔记本电脑
ORD001932,牙膏
ORD001932,充电器
ORD001932,洗发水
ORD001933,面包
ORD001933,奶酪
ORD001933,手机
ORD001933,笔记本电脑
ORD001934,牙膏
ORD001934,键盘
ORD001934,袜子
ORD001934,鼠标
ORD001934,牙刷
ORD001935,耳机
ORD001936,充电器
ORD001936,钢化膜
ORD001936,袜子
ORD001936,笔记本电脑
ORD001937,黄油
ORD001937,牙膏
ORD001937,电脑包
ORD001937,沐浴露
ORD001938,手机
ORD001938,T恤
ORD001938,耳机
ORD001939,T恤
ORD001939,袜子
ORD001939,键盘
ORD001940,奶酪
ORD001940,鼠标
ORD001940,运动鞋
ORD001941,黄油
ORD001942,牙膏
ORD001942,黄油
ORD001942,沐浴露
ORD001943,帽子
ORD001944,洗发水
ORD001944,键盘
ORD001945,沐浴露
ORD001946,笔记本电脑
ORD001946,黄油
ORD001947,键盘
ORD001948,牛奶
ORD001949,沐浴露
ORD001949,钢化膜
ORD001950,手机壳
ORD001950,鼠标
ORD001950,手机
ORD001950,帽子
ORD001950,牙刷
ORD001951,沐浴露
ORD001951,散热器
ORD001951,洗发水
ORD001951,帽子
ORD001952,电脑包
ORD001952,键盘
ORD001953,笔记本电脑
ORD001953,牛仔裤
ORD001953,帽子
ORD001953,充电器
ORD001953,运动鞋
ORD001954,面包
ORD001954,充电器
ORD001954,牛仔裤
ORD001954,散热器
ORD001955,手机壳
ORD001955,奶酪
ORD001955,T恤
ORD001955,黄油
ORD001955,鸡蛋
ORD001956,牛奶
ORD001956,袜子
ORD001956,洗发水
ORD001956,耳机
ORD001957,键盘
ORD001957,奶酪
ORD001957,牛奶
ORD001957,手机
ORD001957,袜子
ORD001958,笔记本电脑
ORD001958,牛奶
ORD001958,牛仔裤
ORD001958,牙刷
ORD001958,沐浴露
ORD001959,鸡蛋
ORD001959,牙刷
ORD001959,黄油
ORD001960,护发素
ORD001960,袜子
ORD001961,T恤
ORD001961,运动鞋
ORD001961,帽子
ORD001962,护发素
ORD001962,电脑包
ORD001962,手机
ORD001962,耳机
ORD001962,帽子
ORD001963,牙刷
ORD001963,手机
ORD001963,洗发水
ORD001963,键盘
ORD001964,奶酪
ORD001964,帽子
ORD001964,键盘
ORD001964,耳机
ORD001964,散热器
ORD001965,电脑包
ORD001966,袜子
ORD001966,黄油
ORD001967,奶酪
ORD001967,钢化膜
ORD001967,散热器
ORD001968,袜子
ORD001968,运动鞋
ORD001968,牛奶
ORD001969,鼠标
ORD001969,耳机
ORD001970,鼠标
ORD001971,面包
ORD001971,洗发水
ORD001971,奶酪
ORD001971,充电器
ORD001971,牙膏
ORD001972,耳机
ORD001973,帽子
ORD001973,袜子
ORD001973,牛奶
ORD001974,T恤
ORD001974,洗发水
ORD001975,手机
ORD001975,鼠标
ORD001976,运动鞋
ORD001976,充电器
ORD001976,手机壳
ORD001976,奶酪
ORD001977,耳机
ORD001978,键盘
ORD001978,沐浴露
ORD001978,牛奶
ORD001978,钢化膜
ORD001979,牙膏
ORD001979,耳机
ORD001979,钢化膜
ORD001980,护发素
ORD001980,钢化膜
ORD001980,牛奶
ORD001980,耳机
ORD001980,键盘
ORD001981,护发素
ORD001981,奶酪
ORD001981,散热器
ORD001981,牛仔裤
ORD001981,笔记本电脑
ORD001982,牛奶
ORD001982,洗发水
ORD001982,运动鞋
ORD001983,袜子
ORD001983,牙膏
ORD001983,鸡蛋
ORD001984,牛仔裤
ORD001985,牙膏
ORD001985,奶酪
ORD001985,笔记本电脑
ORD001986,笔记本电脑
ORD001986,鼠标
ORD001986,帽子
ORD001987,电脑包
ORD001987,袜子
ORD001987,鼠标
ORD001987,散热器
ORD001988,充电器
ORD001988,洗发水
ORD001989,电脑包
ORD001989,奶酪
ORD001989,散热器
ORD001990,耳机
ORD001990,手机
ORD001990,洗发水
ORD001990,钢化膜
ORD001990,手机壳
ORD001991,运动鞋
ORD001991,奶酪
ORD001991,黄油
ORD001991,洗发水
ORD001991,手机
ORD001992,键盘
ORD001992,牛仔裤
ORD001992,面包
ORD001992,电脑包
ORD001993,鸡蛋
ORD001993,键盘
ORD001993,手机
ORD001993,T恤
ORD001993,耳机
ORD001994,散热器
ORD001994,键盘
ORD001994,袜子
ORD001995,鼠标
ORD001995,散热器
ORD001996,奶酪
ORD001996,沐浴露
ORD001996,护发素
ORD001996,笔记本电脑
ORD001997,手机壳
ORD001997,T恤
ORD001997,牛奶
ORD001997,帽子
ORD001997,袜子
ORD001998,耳机
ORD001998,手机壳
ORD001998,键盘
ORD001999,耳机
